ready to fetch sequences
Fetching file from S3: embedding_sequences/peak_id_sequences.txt
Loaded 793868 sequences from the S3 file.
Processing chunk 1/40 with 20000 sequences.
Using device: cuda
Loaded pretrained weights ok!
Batch 1 of chunk 1 uploaded to S3: embeddings/embeddings_chunk_1.pt
Batch 2 of chunk 1 uploaded to S3: embeddings/embeddings_chunk_1.pt
Batch 3 of chunk 1 uploaded to S3: embeddings/embeddings_chunk_1.pt
Batch 4 of chunk 1 uploaded to S3: embeddings/embeddings_chunk_1.pt
Batch 5 of chunk 1 uploaded to S3: embeddings/embeddings_chunk_1.pt
Batch 6 of chunk 1 uploaded to S3: embeddings/embeddings_chunk_1.pt
Batch 7 of chunk 1 uploaded to S3: embeddings/embeddings_chunk_1.pt
Batch 8 of chunk 1 uploaded to S3: embeddings/embeddings_chunk_1.pt
Batch 9 of chunk 1 uploaded to S3: embeddings/embeddings_chunk_1.pt
Batch 10 of chunk 1 uploaded to S3: embeddings/embeddings_chunk_1.pt
Batch 11 of chunk 1 uploaded to S3: embeddings/embeddings_chunk_1.pt
Batch 12 of chunk 1 uploaded to S3: embeddings/embeddings_chunk_1.pt
Batch 13 of chunk 1 uploaded to S3: embeddings/embeddings_chunk_1.pt
Batch 14 of chunk 1 uploaded to S3: embeddings/embeddings_chunk_1.pt
Batch 15 of chunk 1 uploaded to S3: embeddings/embeddings_chunk_1.pt
Batch 16 of chunk 1 uploaded to S3: embeddings/embeddings_chunk_1.pt
Batch 17 of chunk 1 uploaded to S3: embeddings/embeddings_chunk_1.pt
Batch 18 of chunk 1 uploaded to S3: embeddings/embeddings_chunk_1.pt
Batch 19 of chunk 1 uploaded to S3: embeddings/embeddings_chunk_1.pt
Batch 20 of chunk 1 uploaded to S3: embeddings/embeddings_chunk_1.pt
Batch 21 of chunk 1 uploaded to S3: embeddings/embeddings_chunk_1.pt
Batch 22 of chunk 1 uploaded to S3: embeddings/embeddings_chunk_1.pt
Batch 23 of chunk 1 uploaded to S3: embeddings/embeddings_chunk_1.pt
Batch 24 of chunk 1 uploaded to S3: embeddings/embeddings_chunk_1.pt
Batch 25 of chunk 1 uploaded to S3: embeddings/embeddings_chunk_1.pt
Batch 26 of chunk 1 uploaded to S3: embeddings/embeddings_chunk_1.pt
Batch 27 of chunk 1 uploaded to S3: embeddings/embeddings_chunk_1.pt
Batch 28 of chunk 1 uploaded to S3: embeddings/embeddings_chunk_1.pt
Batch 29 of chunk 1 uploaded to S3: embeddings/embeddings_chunk_1.pt
Batch 30 of chunk 1 uploaded to S3: embeddings/embeddings_chunk_1.pt
Batch 31 of chunk 1 uploaded to S3: embeddings/embeddings_chunk_1.pt
Batch 32 of chunk 1 uploaded to S3: embeddings/embeddings_chunk_1.pt
Batch 33 of chunk 1 uploaded to S3: embeddings/embeddings_chunk_1.pt
Batch 34 of chunk 1 uploaded to S3: embeddings/embeddings_chunk_1.pt
Batch 35 of chunk 1 uploaded to S3: embeddings/embeddings_chunk_1.pt
Batch 36 of chunk 1 uploaded to S3: embeddings/embeddings_chunk_1.pt
Batch 37 of chunk 1 uploaded to S3: embeddings/embeddings_chunk_1.pt
Batch 38 of chunk 1 uploaded to S3: embeddings/embeddings_chunk_1.pt
Batch 39 of chunk 1 uploaded to S3: embeddings/embeddings_chunk_1.pt
Batch 40 of chunk 1 uploaded to S3: embeddings/embeddings_chunk_1.pt
Batch 41 of chunk 1 uploaded to S3: embeddings/embeddings_chunk_1.pt
Batch 42 of chunk 1 uploaded to S3: embeddings/embeddings_chunk_1.pt
Batch 43 of chunk 1 uploaded to S3: embeddings/embeddings_chunk_1.pt
Batch 44 of chunk 1 uploaded to S3: embeddings/embeddings_chunk_1.pt
Batch 45 of chunk 1 uploaded to S3: embeddings/embeddings_chunk_1.pt
Batch 46 of chunk 1 uploaded to S3: embeddings/embeddings_chunk_1.pt
Batch 47 of chunk 1 uploaded to S3: embeddings/embeddings_chunk_1.pt
Batch 48 of chunk 1 uploaded to S3: embeddings/embeddings_chunk_1.pt
Batch 49 of chunk 1 uploaded to S3: embeddings/embeddings_chunk_1.pt
Batch 50 of chunk 1 uploaded to S3: embeddings/embeddings_chunk_1.pt
Batch 51 of chunk 1 uploaded to S3: embeddings/embeddings_chunk_1.pt
Batch 52 of chunk 1 uploaded to S3: embeddings/embeddings_chunk_1.pt
Batch 53 of chunk 1 uploaded to S3: embeddings/embeddings_chunk_1.pt
Batch 54 of chunk 1 uploaded to S3: embeddings/embeddings_chunk_1.pt
Batch 55 of chunk 1 uploaded to S3: embeddings/embeddings_chunk_1.pt
Batch 56 of chunk 1 uploaded to S3: embeddings/embeddings_chunk_1.pt
Batch 57 of chunk 1 uploaded to S3: embeddings/embeddings_chunk_1.pt
Batch 58 of chunk 1 uploaded to S3: embeddings/embeddings_chunk_1.pt
Batch 59 of chunk 1 uploaded to S3: embeddings/embeddings_chunk_1.pt
Batch 60 of chunk 1 uploaded to S3: embeddings/embeddings_chunk_1.pt
Batch 61 of chunk 1 uploaded to S3: embeddings/embeddings_chunk_1.pt
Batch 62 of chunk 1 uploaded to S3: embeddings/embeddings_chunk_1.pt
Batch 63 of chunk 1 uploaded to S3: embeddings/embeddings_chunk_1.pt
Batch 64 of chunk 1 uploaded to S3: embeddings/embeddings_chunk_1.pt
Batch 65 of chunk 1 uploaded to S3: embeddings/embeddings_chunk_1.pt
Batch 66 of chunk 1 uploaded to S3: embeddings/embeddings_chunk_1.pt
Batch 67 of chunk 1 uploaded to S3: embeddings/embeddings_chunk_1.pt
Batch 68 of chunk 1 uploaded to S3: embeddings/embeddings_chunk_1.pt
Batch 69 of chunk 1 uploaded to S3: embeddings/embeddings_chunk_1.pt
Batch 70 of chunk 1 uploaded to S3: embeddings/embeddings_chunk_1.pt
Batch 71 of chunk 1 uploaded to S3: embeddings/embeddings_chunk_1.pt
Batch 72 of chunk 1 uploaded to S3: embeddings/embeddings_chunk_1.pt
Batch 73 of chunk 1 uploaded to S3: embeddings/embeddings_chunk_1.pt
Batch 74 of chunk 1 uploaded to S3: embeddings/embeddings_chunk_1.pt
Batch 75 of chunk 1 uploaded to S3: embeddings/embeddings_chunk_1.pt
Batch 76 of chunk 1 uploaded to S3: embeddings/embeddings_chunk_1.pt
Batch 77 of chunk 1 uploaded to S3: embeddings/embeddings_chunk_1.pt
Batch 78 of chunk 1 uploaded to S3: embeddings/embeddings_chunk_1.pt
Batch 79 of chunk 1 uploaded to S3: embeddings/embeddings_chunk_1.pt
Batch 80 of chunk 1 uploaded to S3: embeddings/embeddings_chunk_1.pt
Batch 81 of chunk 1 uploaded to S3: embeddings/embeddings_chunk_1.pt
Batch 82 of chunk 1 uploaded to S3: embeddings/embeddings_chunk_1.pt
Batch 83 of chunk 1 uploaded to S3: embeddings/embeddings_chunk_1.pt
Batch 84 of chunk 1 uploaded to S3: embeddings/embeddings_chunk_1.pt
Batch 85 of chunk 1 uploaded to S3: embeddings/embeddings_chunk_1.pt
Batch 86 of chunk 1 uploaded to S3: embeddings/embeddings_chunk_1.pt
Batch 87 of chunk 1 uploaded to S3: embeddings/embeddings_chunk_1.pt
Batch 88 of chunk 1 uploaded to S3: embeddings/embeddings_chunk_1.pt
Batch 89 of chunk 1 uploaded to S3: embeddings/embeddings_chunk_1.pt
Batch 90 of chunk 1 uploaded to S3: embeddings/embeddings_chunk_1.pt
Batch 91 of chunk 1 uploaded to S3: embeddings/embeddings_chunk_1.pt
Batch 92 of chunk 1 uploaded to S3: embeddings/embeddings_chunk_1.pt
Batch 93 of chunk 1 uploaded to S3: embeddings/embeddings_chunk_1.pt
Batch 94 of chunk 1 uploaded to S3: embeddings/embeddings_chunk_1.pt
Batch 95 of chunk 1 uploaded to S3: embeddings/embeddings_chunk_1.pt
Batch 96 of chunk 1 uploaded to S3: embeddings/embeddings_chunk_1.pt
Batch 97 of chunk 1 uploaded to S3: embeddings/embeddings_chunk_1.pt
Batch 98 of chunk 1 uploaded to S3: embeddings/embeddings_chunk_1.pt
Batch 99 of chunk 1 uploaded to S3: embeddings/embeddings_chunk_1.pt
Batch 100 of chunk 1 uploaded to S3: embeddings/embeddings_chunk_1.pt
Batch 101 of chunk 1 uploaded to S3: embeddings/embeddings_chunk_1.pt
Batch 102 of chunk 1 uploaded to S3: embeddings/embeddings_chunk_1.pt
Batch 103 of chunk 1 uploaded to S3: embeddings/embeddings_chunk_1.pt
Batch 104 of chunk 1 uploaded to S3: embeddings/embeddings_chunk_1.pt
Batch 105 of chunk 1 uploaded to S3: embeddings/embeddings_chunk_1.pt
Batch 106 of chunk 1 uploaded to S3: embeddings/embeddings_chunk_1.pt
Batch 107 of chunk 1 uploaded to S3: embeddings/embeddings_chunk_1.pt
Batch 108 of chunk 1 uploaded to S3: embeddings/embeddings_chunk_1.pt
Batch 109 of chunk 1 uploaded to S3: embeddings/embeddings_chunk_1.pt
Batch 110 of chunk 1 uploaded to S3: embeddings/embeddings_chunk_1.pt
Batch 111 of chunk 1 uploaded to S3: embeddings/embeddings_chunk_1.pt
Batch 112 of chunk 1 uploaded to S3: embeddings/embeddings_chunk_1.pt
Batch 113 of chunk 1 uploaded to S3: embeddings/embeddings_chunk_1.pt
Batch 114 of chunk 1 uploaded to S3: embeddings/embeddings_chunk_1.pt
Batch 115 of chunk 1 uploaded to S3: embeddings/embeddings_chunk_1.pt
Batch 116 of chunk 1 uploaded to S3: embeddings/embeddings_chunk_1.pt
Batch 117 of chunk 1 uploaded to S3: embeddings/embeddings_chunk_1.pt
Batch 118 of chunk 1 uploaded to S3: embeddings/embeddings_chunk_1.pt
Batch 119 of chunk 1 uploaded to S3: embeddings/embeddings_chunk_1.pt
Batch 120 of chunk 1 uploaded to S3: embeddings/embeddings_chunk_1.pt
Batch 121 of chunk 1 uploaded to S3: embeddings/embeddings_chunk_1.pt
Batch 122 of chunk 1 uploaded to S3: embeddings/embeddings_chunk_1.pt
Batch 123 of chunk 1 uploaded to S3: embeddings/embeddings_chunk_1.pt
Batch 124 of chunk 1 uploaded to S3: embeddings/embeddings_chunk_1.pt
Batch 125 of chunk 1 uploaded to S3: embeddings/embeddings_chunk_1.pt
Batch 126 of chunk 1 uploaded to S3: embeddings/embeddings_chunk_1.pt
Batch 127 of chunk 1 uploaded to S3: embeddings/embeddings_chunk_1.pt
Batch 128 of chunk 1 uploaded to S3: embeddings/embeddings_chunk_1.pt
Batch 129 of chunk 1 uploaded to S3: embeddings/embeddings_chunk_1.pt
Batch 130 of chunk 1 uploaded to S3: embeddings/embeddings_chunk_1.pt
Batch 131 of chunk 1 uploaded to S3: embeddings/embeddings_chunk_1.pt
Batch 132 of chunk 1 uploaded to S3: embeddings/embeddings_chunk_1.pt
Batch 133 of chunk 1 uploaded to S3: embeddings/embeddings_chunk_1.pt
Batch 134 of chunk 1 uploaded to S3: embeddings/embeddings_chunk_1.pt
Batch 135 of chunk 1 uploaded to S3: embeddings/embeddings_chunk_1.pt
Batch 136 of chunk 1 uploaded to S3: embeddings/embeddings_chunk_1.pt
Batch 137 of chunk 1 uploaded to S3: embeddings/embeddings_chunk_1.pt
Batch 138 of chunk 1 uploaded to S3: embeddings/embeddings_chunk_1.pt
Batch 139 of chunk 1 uploaded to S3: embeddings/embeddings_chunk_1.pt
Batch 140 of chunk 1 uploaded to S3: embeddings/embeddings_chunk_1.pt
Batch 141 of chunk 1 uploaded to S3: embeddings/embeddings_chunk_1.pt
Batch 142 of chunk 1 uploaded to S3: embeddings/embeddings_chunk_1.pt
Batch 143 of chunk 1 uploaded to S3: embeddings/embeddings_chunk_1.pt
Batch 144 of chunk 1 uploaded to S3: embeddings/embeddings_chunk_1.pt
Batch 145 of chunk 1 uploaded to S3: embeddings/embeddings_chunk_1.pt
Batch 146 of chunk 1 uploaded to S3: embeddings/embeddings_chunk_1.pt
Batch 147 of chunk 1 uploaded to S3: embeddings/embeddings_chunk_1.pt
Batch 148 of chunk 1 uploaded to S3: embeddings/embeddings_chunk_1.pt
Batch 149 of chunk 1 uploaded to S3: embeddings/embeddings_chunk_1.pt
Batch 150 of chunk 1 uploaded to S3: embeddings/embeddings_chunk_1.pt
Batch 151 of chunk 1 uploaded to S3: embeddings/embeddings_chunk_1.pt
Batch 152 of chunk 1 uploaded to S3: embeddings/embeddings_chunk_1.pt
Batch 153 of chunk 1 uploaded to S3: embeddings/embeddings_chunk_1.pt
Batch 154 of chunk 1 uploaded to S3: embeddings/embeddings_chunk_1.pt
Batch 155 of chunk 1 uploaded to S3: embeddings/embeddings_chunk_1.pt
Batch 156 of chunk 1 uploaded to S3: embeddings/embeddings_chunk_1.pt
Batch 157 of chunk 1 uploaded to S3: embeddings/embeddings_chunk_1.pt
Batch 158 of chunk 1 uploaded to S3: embeddings/embeddings_chunk_1.pt
Batch 159 of chunk 1 uploaded to S3: embeddings/embeddings_chunk_1.pt
Batch 160 of chunk 1 uploaded to S3: embeddings/embeddings_chunk_1.pt
Batch 161 of chunk 1 uploaded to S3: embeddings/embeddings_chunk_1.pt
Batch 162 of chunk 1 uploaded to S3: embeddings/embeddings_chunk_1.pt
Batch 163 of chunk 1 uploaded to S3: embeddings/embeddings_chunk_1.pt
Batch 164 of chunk 1 uploaded to S3: embeddings/embeddings_chunk_1.pt
Batch 165 of chunk 1 uploaded to S3: embeddings/embeddings_chunk_1.pt
Batch 166 of chunk 1 uploaded to S3: embeddings/embeddings_chunk_1.pt
Batch 167 of chunk 1 uploaded to S3: embeddings/embeddings_chunk_1.pt
Batch 168 of chunk 1 uploaded to S3: embeddings/embeddings_chunk_1.pt
Batch 169 of chunk 1 uploaded to S3: embeddings/embeddings_chunk_1.pt
Batch 170 of chunk 1 uploaded to S3: embeddings/embeddings_chunk_1.pt
Batch 171 of chunk 1 uploaded to S3: embeddings/embeddings_chunk_1.pt
Batch 172 of chunk 1 uploaded to S3: embeddings/embeddings_chunk_1.pt
Batch 173 of chunk 1 uploaded to S3: embeddings/embeddings_chunk_1.pt
Batch 174 of chunk 1 uploaded to S3: embeddings/embeddings_chunk_1.pt
Batch 175 of chunk 1 uploaded to S3: embeddings/embeddings_chunk_1.pt
Batch 176 of chunk 1 uploaded to S3: embeddings/embeddings_chunk_1.pt
Batch 177 of chunk 1 uploaded to S3: embeddings/embeddings_chunk_1.pt
Batch 178 of chunk 1 uploaded to S3: embeddings/embeddings_chunk_1.pt
Batch 179 of chunk 1 uploaded to S3: embeddings/embeddings_chunk_1.pt
Batch 180 of chunk 1 uploaded to S3: embeddings/embeddings_chunk_1.pt
Batch 181 of chunk 1 uploaded to S3: embeddings/embeddings_chunk_1.pt
Batch 182 of chunk 1 uploaded to S3: embeddings/embeddings_chunk_1.pt
Batch 183 of chunk 1 uploaded to S3: embeddings/embeddings_chunk_1.pt
Batch 184 of chunk 1 uploaded to S3: embeddings/embeddings_chunk_1.pt
Batch 185 of chunk 1 uploaded to S3: embeddings/embeddings_chunk_1.pt
Batch 186 of chunk 1 uploaded to S3: embeddings/embeddings_chunk_1.pt
Batch 187 of chunk 1 uploaded to S3: embeddings/embeddings_chunk_1.pt
Batch 188 of chunk 1 uploaded to S3: embeddings/embeddings_chunk_1.pt
Batch 189 of chunk 1 uploaded to S3: embeddings/embeddings_chunk_1.pt
Batch 190 of chunk 1 uploaded to S3: embeddings/embeddings_chunk_1.pt
Batch 191 of chunk 1 uploaded to S3: embeddings/embeddings_chunk_1.pt
Batch 192 of chunk 1 uploaded to S3: embeddings/embeddings_chunk_1.pt
Batch 193 of chunk 1 uploaded to S3: embeddings/embeddings_chunk_1.pt
Batch 194 of chunk 1 uploaded to S3: embeddings/embeddings_chunk_1.pt
Batch 195 of chunk 1 uploaded to S3: embeddings/embeddings_chunk_1.pt
Batch 196 of chunk 1 uploaded to S3: embeddings/embeddings_chunk_1.pt
Batch 197 of chunk 1 uploaded to S3: embeddings/embeddings_chunk_1.pt
Batch 198 of chunk 1 uploaded to S3: embeddings/embeddings_chunk_1.pt
Batch 199 of chunk 1 uploaded to S3: embeddings/embeddings_chunk_1.pt
Batch 200 of chunk 1 uploaded to S3: embeddings/embeddings_chunk_1.pt
Batch 201 of chunk 1 uploaded to S3: embeddings/embeddings_chunk_1.pt
Batch 202 of chunk 1 uploaded to S3: embeddings/embeddings_chunk_1.pt
Batch 203 of chunk 1 uploaded to S3: embeddings/embeddings_chunk_1.pt
Batch 204 of chunk 1 uploaded to S3: embeddings/embeddings_chunk_1.pt
Batch 205 of chunk 1 uploaded to S3: embeddings/embeddings_chunk_1.pt
Batch 206 of chunk 1 uploaded to S3: embeddings/embeddings_chunk_1.pt
Batch 207 of chunk 1 uploaded to S3: embeddings/embeddings_chunk_1.pt
Batch 208 of chunk 1 uploaded to S3: embeddings/embeddings_chunk_1.pt
Batch 209 of chunk 1 uploaded to S3: embeddings/embeddings_chunk_1.pt
Batch 210 of chunk 1 uploaded to S3: embeddings/embeddings_chunk_1.pt
Batch 211 of chunk 1 uploaded to S3: embeddings/embeddings_chunk_1.pt
Batch 212 of chunk 1 uploaded to S3: embeddings/embeddings_chunk_1.pt
Batch 213 of chunk 1 uploaded to S3: embeddings/embeddings_chunk_1.pt
Batch 214 of chunk 1 uploaded to S3: embeddings/embeddings_chunk_1.pt
Batch 215 of chunk 1 uploaded to S3: embeddings/embeddings_chunk_1.pt
Batch 216 of chunk 1 uploaded to S3: embeddings/embeddings_chunk_1.pt
Batch 217 of chunk 1 uploaded to S3: embeddings/embeddings_chunk_1.pt
Batch 218 of chunk 1 uploaded to S3: embeddings/embeddings_chunk_1.pt
Batch 219 of chunk 1 uploaded to S3: embeddings/embeddings_chunk_1.pt
Batch 220 of chunk 1 uploaded to S3: embeddings/embeddings_chunk_1.pt
Batch 221 of chunk 1 uploaded to S3: embeddings/embeddings_chunk_1.pt
Batch 222 of chunk 1 uploaded to S3: embeddings/embeddings_chunk_1.pt
Batch 223 of chunk 1 uploaded to S3: embeddings/embeddings_chunk_1.pt
Batch 224 of chunk 1 uploaded to S3: embeddings/embeddings_chunk_1.pt
Batch 225 of chunk 1 uploaded to S3: embeddings/embeddings_chunk_1.pt
Batch 226 of chunk 1 uploaded to S3: embeddings/embeddings_chunk_1.pt
Batch 227 of chunk 1 uploaded to S3: embeddings/embeddings_chunk_1.pt
Batch 228 of chunk 1 uploaded to S3: embeddings/embeddings_chunk_1.pt
Batch 229 of chunk 1 uploaded to S3: embeddings/embeddings_chunk_1.pt
Batch 230 of chunk 1 uploaded to S3: embeddings/embeddings_chunk_1.pt
Batch 231 of chunk 1 uploaded to S3: embeddings/embeddings_chunk_1.pt
Batch 232 of chunk 1 uploaded to S3: embeddings/embeddings_chunk_1.pt
Batch 233 of chunk 1 uploaded to S3: embeddings/embeddings_chunk_1.pt
Batch 234 of chunk 1 uploaded to S3: embeddings/embeddings_chunk_1.pt
Batch 235 of chunk 1 uploaded to S3: embeddings/embeddings_chunk_1.pt
Batch 236 of chunk 1 uploaded to S3: embeddings/embeddings_chunk_1.pt
Batch 237 of chunk 1 uploaded to S3: embeddings/embeddings_chunk_1.pt
Batch 238 of chunk 1 uploaded to S3: embeddings/embeddings_chunk_1.pt
Batch 239 of chunk 1 uploaded to S3: embeddings/embeddings_chunk_1.pt
Batch 240 of chunk 1 uploaded to S3: embeddings/embeddings_chunk_1.pt
Batch 241 of chunk 1 uploaded to S3: embeddings/embeddings_chunk_1.pt
Batch 242 of chunk 1 uploaded to S3: embeddings/embeddings_chunk_1.pt
Batch 243 of chunk 1 uploaded to S3: embeddings/embeddings_chunk_1.pt
Batch 244 of chunk 1 uploaded to S3: embeddings/embeddings_chunk_1.pt
Batch 245 of chunk 1 uploaded to S3: embeddings/embeddings_chunk_1.pt
Batch 246 of chunk 1 uploaded to S3: embeddings/embeddings_chunk_1.pt
Batch 247 of chunk 1 uploaded to S3: embeddings/embeddings_chunk_1.pt
Batch 248 of chunk 1 uploaded to S3: embeddings/embeddings_chunk_1.pt
Batch 249 of chunk 1 uploaded to S3: embeddings/embeddings_chunk_1.pt
Batch 250 of chunk 1 uploaded to S3: embeddings/embeddings_chunk_1.pt
Batch 251 of chunk 1 uploaded to S3: embeddings/embeddings_chunk_1.pt
Batch 252 of chunk 1 uploaded to S3: embeddings/embeddings_chunk_1.pt
Batch 253 of chunk 1 uploaded to S3: embeddings/embeddings_chunk_1.pt
Batch 254 of chunk 1 uploaded to S3: embeddings/embeddings_chunk_1.pt
Batch 255 of chunk 1 uploaded to S3: embeddings/embeddings_chunk_1.pt
Batch 256 of chunk 1 uploaded to S3: embeddings/embeddings_chunk_1.pt
Batch 257 of chunk 1 uploaded to S3: embeddings/embeddings_chunk_1.pt
Batch 258 of chunk 1 uploaded to S3: embeddings/embeddings_chunk_1.pt
Batch 259 of chunk 1 uploaded to S3: embeddings/embeddings_chunk_1.pt
Batch 260 of chunk 1 uploaded to S3: embeddings/embeddings_chunk_1.pt
Batch 261 of chunk 1 uploaded to S3: embeddings/embeddings_chunk_1.pt
Batch 262 of chunk 1 uploaded to S3: embeddings/embeddings_chunk_1.pt
Batch 263 of chunk 1 uploaded to S3: embeddings/embeddings_chunk_1.pt
Batch 264 of chunk 1 uploaded to S3: embeddings/embeddings_chunk_1.pt
Batch 265 of chunk 1 uploaded to S3: embeddings/embeddings_chunk_1.pt
Batch 266 of chunk 1 uploaded to S3: embeddings/embeddings_chunk_1.pt
Batch 267 of chunk 1 uploaded to S3: embeddings/embeddings_chunk_1.pt
Batch 268 of chunk 1 uploaded to S3: embeddings/embeddings_chunk_1.pt
Batch 269 of chunk 1 uploaded to S3: embeddings/embeddings_chunk_1.pt
Batch 270 of chunk 1 uploaded to S3: embeddings/embeddings_chunk_1.pt
Batch 271 of chunk 1 uploaded to S3: embeddings/embeddings_chunk_1.pt
Batch 272 of chunk 1 uploaded to S3: embeddings/embeddings_chunk_1.pt
Batch 273 of chunk 1 uploaded to S3: embeddings/embeddings_chunk_1.pt
Batch 274 of chunk 1 uploaded to S3: embeddings/embeddings_chunk_1.pt
Batch 275 of chunk 1 uploaded to S3: embeddings/embeddings_chunk_1.pt
Batch 276 of chunk 1 uploaded to S3: embeddings/embeddings_chunk_1.pt
Batch 277 of chunk 1 uploaded to S3: embeddings/embeddings_chunk_1.pt
Batch 278 of chunk 1 uploaded to S3: embeddings/embeddings_chunk_1.pt
Batch 279 of chunk 1 uploaded to S3: embeddings/embeddings_chunk_1.pt
Batch 280 of chunk 1 uploaded to S3: embeddings/embeddings_chunk_1.pt
Batch 281 of chunk 1 uploaded to S3: embeddings/embeddings_chunk_1.pt
Batch 282 of chunk 1 uploaded to S3: embeddings/embeddings_chunk_1.pt
Batch 283 of chunk 1 uploaded to S3: embeddings/embeddings_chunk_1.pt
Batch 284 of chunk 1 uploaded to S3: embeddings/embeddings_chunk_1.pt
Batch 285 of chunk 1 uploaded to S3: embeddings/embeddings_chunk_1.pt
Batch 286 of chunk 1 uploaded to S3: embeddings/embeddings_chunk_1.pt
Batch 287 of chunk 1 uploaded to S3: embeddings/embeddings_chunk_1.pt
Batch 288 of chunk 1 uploaded to S3: embeddings/embeddings_chunk_1.pt
Batch 289 of chunk 1 uploaded to S3: embeddings/embeddings_chunk_1.pt
Batch 290 of chunk 1 uploaded to S3: embeddings/embeddings_chunk_1.pt
Batch 291 of chunk 1 uploaded to S3: embeddings/embeddings_chunk_1.pt
Batch 292 of chunk 1 uploaded to S3: embeddings/embeddings_chunk_1.pt
Batch 293 of chunk 1 uploaded to S3: embeddings/embeddings_chunk_1.pt
Batch 294 of chunk 1 uploaded to S3: embeddings/embeddings_chunk_1.pt
Batch 295 of chunk 1 uploaded to S3: embeddings/embeddings_chunk_1.pt
Batch 296 of chunk 1 uploaded to S3: embeddings/embeddings_chunk_1.pt
Batch 297 of chunk 1 uploaded to S3: embeddings/embeddings_chunk_1.pt
Batch 298 of chunk 1 uploaded to S3: embeddings/embeddings_chunk_1.pt
Batch 299 of chunk 1 uploaded to S3: embeddings/embeddings_chunk_1.pt
Batch 300 of chunk 1 uploaded to S3: embeddings/embeddings_chunk_1.pt
Batch 301 of chunk 1 uploaded to S3: embeddings/embeddings_chunk_1.pt
Batch 302 of chunk 1 uploaded to S3: embeddings/embeddings_chunk_1.pt
Batch 303 of chunk 1 uploaded to S3: embeddings/embeddings_chunk_1.pt
Batch 304 of chunk 1 uploaded to S3: embeddings/embeddings_chunk_1.pt
Batch 305 of chunk 1 uploaded to S3: embeddings/embeddings_chunk_1.pt
Batch 306 of chunk 1 uploaded to S3: embeddings/embeddings_chunk_1.pt
Batch 307 of chunk 1 uploaded to S3: embeddings/embeddings_chunk_1.pt
Batch 308 of chunk 1 uploaded to S3: embeddings/embeddings_chunk_1.pt
Batch 309 of chunk 1 uploaded to S3: embeddings/embeddings_chunk_1.pt
Batch 310 of chunk 1 uploaded to S3: embeddings/embeddings_chunk_1.pt
Batch 311 of chunk 1 uploaded to S3: embeddings/embeddings_chunk_1.pt
Batch 312 of chunk 1 uploaded to S3: embeddings/embeddings_chunk_1.pt
Batch 313 of chunk 1 uploaded to S3: embeddings/embeddings_chunk_1.pt
Batch 314 of chunk 1 uploaded to S3: embeddings/embeddings_chunk_1.pt
Batch 315 of chunk 1 uploaded to S3: embeddings/embeddings_chunk_1.pt
Batch 316 of chunk 1 uploaded to S3: embeddings/embeddings_chunk_1.pt
Batch 317 of chunk 1 uploaded to S3: embeddings/embeddings_chunk_1.pt
Batch 318 of chunk 1 uploaded to S3: embeddings/embeddings_chunk_1.pt
Batch 319 of chunk 1 uploaded to S3: embeddings/embeddings_chunk_1.pt
Batch 320 of chunk 1 uploaded to S3: embeddings/embeddings_chunk_1.pt
Batch 321 of chunk 1 uploaded to S3: embeddings/embeddings_chunk_1.pt
Batch 322 of chunk 1 uploaded to S3: embeddings/embeddings_chunk_1.pt
Batch 323 of chunk 1 uploaded to S3: embeddings/embeddings_chunk_1.pt
Batch 324 of chunk 1 uploaded to S3: embeddings/embeddings_chunk_1.pt
Batch 325 of chunk 1 uploaded to S3: embeddings/embeddings_chunk_1.pt
Batch 326 of chunk 1 uploaded to S3: embeddings/embeddings_chunk_1.pt
Batch 327 of chunk 1 uploaded to S3: embeddings/embeddings_chunk_1.pt
Batch 328 of chunk 1 uploaded to S3: embeddings/embeddings_chunk_1.pt
Batch 329 of chunk 1 uploaded to S3: embeddings/embeddings_chunk_1.pt
Batch 330 of chunk 1 uploaded to S3: embeddings/embeddings_chunk_1.pt
Batch 331 of chunk 1 uploaded to S3: embeddings/embeddings_chunk_1.pt
Batch 332 of chunk 1 uploaded to S3: embeddings/embeddings_chunk_1.pt
Batch 333 of chunk 1 uploaded to S3: embeddings/embeddings_chunk_1.pt
Batch 334 of chunk 1 uploaded to S3: embeddings/embeddings_chunk_1.pt
Batch 335 of chunk 1 uploaded to S3: embeddings/embeddings_chunk_1.pt
Batch 336 of chunk 1 uploaded to S3: embeddings/embeddings_chunk_1.pt
Batch 337 of chunk 1 uploaded to S3: embeddings/embeddings_chunk_1.pt
Batch 338 of chunk 1 uploaded to S3: embeddings/embeddings_chunk_1.pt
Batch 339 of chunk 1 uploaded to S3: embeddings/embeddings_chunk_1.pt
Batch 340 of chunk 1 uploaded to S3: embeddings/embeddings_chunk_1.pt
Batch 341 of chunk 1 uploaded to S3: embeddings/embeddings_chunk_1.pt
Batch 342 of chunk 1 uploaded to S3: embeddings/embeddings_chunk_1.pt
Batch 343 of chunk 1 uploaded to S3: embeddings/embeddings_chunk_1.pt
Batch 344 of chunk 1 uploaded to S3: embeddings/embeddings_chunk_1.pt
Batch 345 of chunk 1 uploaded to S3: embeddings/embeddings_chunk_1.pt
Batch 346 of chunk 1 uploaded to S3: embeddings/embeddings_chunk_1.pt
Batch 347 of chunk 1 uploaded to S3: embeddings/embeddings_chunk_1.pt
Batch 348 of chunk 1 uploaded to S3: embeddings/embeddings_chunk_1.pt
Batch 349 of chunk 1 uploaded to S3: embeddings/embeddings_chunk_1.pt
Batch 350 of chunk 1 uploaded to S3: embeddings/embeddings_chunk_1.pt
Batch 351 of chunk 1 uploaded to S3: embeddings/embeddings_chunk_1.pt
Batch 352 of chunk 1 uploaded to S3: embeddings/embeddings_chunk_1.pt
Batch 353 of chunk 1 uploaded to S3: embeddings/embeddings_chunk_1.pt
Batch 354 of chunk 1 uploaded to S3: embeddings/embeddings_chunk_1.pt
Batch 355 of chunk 1 uploaded to S3: embeddings/embeddings_chunk_1.pt
Batch 356 of chunk 1 uploaded to S3: embeddings/embeddings_chunk_1.pt
Batch 357 of chunk 1 uploaded to S3: embeddings/embeddings_chunk_1.pt
Batch 358 of chunk 1 uploaded to S3: embeddings/embeddings_chunk_1.pt
Batch 359 of chunk 1 uploaded to S3: embeddings/embeddings_chunk_1.pt
Batch 360 of chunk 1 uploaded to S3: embeddings/embeddings_chunk_1.pt
Batch 361 of chunk 1 uploaded to S3: embeddings/embeddings_chunk_1.pt
Batch 362 of chunk 1 uploaded to S3: embeddings/embeddings_chunk_1.pt
Batch 363 of chunk 1 uploaded to S3: embeddings/embeddings_chunk_1.pt
Batch 364 of chunk 1 uploaded to S3: embeddings/embeddings_chunk_1.pt
Batch 365 of chunk 1 uploaded to S3: embeddings/embeddings_chunk_1.pt
Batch 366 of chunk 1 uploaded to S3: embeddings/embeddings_chunk_1.pt
Batch 367 of chunk 1 uploaded to S3: embeddings/embeddings_chunk_1.pt
Batch 368 of chunk 1 uploaded to S3: embeddings/embeddings_chunk_1.pt
Batch 369 of chunk 1 uploaded to S3: embeddings/embeddings_chunk_1.pt
Batch 370 of chunk 1 uploaded to S3: embeddings/embeddings_chunk_1.pt
Batch 371 of chunk 1 uploaded to S3: embeddings/embeddings_chunk_1.pt
Batch 372 of chunk 1 uploaded to S3: embeddings/embeddings_chunk_1.pt
Batch 373 of chunk 1 uploaded to S3: embeddings/embeddings_chunk_1.pt
Batch 374 of chunk 1 uploaded to S3: embeddings/embeddings_chunk_1.pt
Batch 375 of chunk 1 uploaded to S3: embeddings/embeddings_chunk_1.pt
Batch 376 of chunk 1 uploaded to S3: embeddings/embeddings_chunk_1.pt
Batch 377 of chunk 1 uploaded to S3: embeddings/embeddings_chunk_1.pt
Batch 378 of chunk 1 uploaded to S3: embeddings/embeddings_chunk_1.pt
Batch 379 of chunk 1 uploaded to S3: embeddings/embeddings_chunk_1.pt
Batch 380 of chunk 1 uploaded to S3: embeddings/embeddings_chunk_1.pt
Batch 381 of chunk 1 uploaded to S3: embeddings/embeddings_chunk_1.pt
Batch 382 of chunk 1 uploaded to S3: embeddings/embeddings_chunk_1.pt
Batch 383 of chunk 1 uploaded to S3: embeddings/embeddings_chunk_1.pt
Batch 384 of chunk 1 uploaded to S3: embeddings/embeddings_chunk_1.pt
Batch 385 of chunk 1 uploaded to S3: embeddings/embeddings_chunk_1.pt
Batch 386 of chunk 1 uploaded to S3: embeddings/embeddings_chunk_1.pt
Batch 387 of chunk 1 uploaded to S3: embeddings/embeddings_chunk_1.pt
Batch 388 of chunk 1 uploaded to S3: embeddings/embeddings_chunk_1.pt
Batch 389 of chunk 1 uploaded to S3: embeddings/embeddings_chunk_1.pt
Batch 390 of chunk 1 uploaded to S3: embeddings/embeddings_chunk_1.pt
Batch 391 of chunk 1 uploaded to S3: embeddings/embeddings_chunk_1.pt
Batch 392 of chunk 1 uploaded to S3: embeddings/embeddings_chunk_1.pt
Batch 393 of chunk 1 uploaded to S3: embeddings/embeddings_chunk_1.pt
Batch 394 of chunk 1 uploaded to S3: embeddings/embeddings_chunk_1.pt
Batch 395 of chunk 1 uploaded to S3: embeddings/embeddings_chunk_1.pt
Batch 396 of chunk 1 uploaded to S3: embeddings/embeddings_chunk_1.pt
Batch 397 of chunk 1 uploaded to S3: embeddings/embeddings_chunk_1.pt
Batch 398 of chunk 1 uploaded to S3: embeddings/embeddings_chunk_1.pt
Batch 399 of chunk 1 uploaded to S3: embeddings/embeddings_chunk_1.pt
Batch 400 of chunk 1 uploaded to S3: embeddings/embeddings_chunk_1.pt
Batch 401 of chunk 1 uploaded to S3: embeddings/embeddings_chunk_1.pt
Batch 402 of chunk 1 uploaded to S3: embeddings/embeddings_chunk_1.pt
Batch 403 of chunk 1 uploaded to S3: embeddings/embeddings_chunk_1.pt
Batch 404 of chunk 1 uploaded to S3: embeddings/embeddings_chunk_1.pt
Batch 405 of chunk 1 uploaded to S3: embeddings/embeddings_chunk_1.pt
Batch 406 of chunk 1 uploaded to S3: embeddings/embeddings_chunk_1.pt
Batch 407 of chunk 1 uploaded to S3: embeddings/embeddings_chunk_1.pt
Batch 408 of chunk 1 uploaded to S3: embeddings/embeddings_chunk_1.pt
Batch 409 of chunk 1 uploaded to S3: embeddings/embeddings_chunk_1.pt
Batch 410 of chunk 1 uploaded to S3: embeddings/embeddings_chunk_1.pt
Batch 411 of chunk 1 uploaded to S3: embeddings/embeddings_chunk_1.pt
Batch 412 of chunk 1 uploaded to S3: embeddings/embeddings_chunk_1.pt
Batch 413 of chunk 1 uploaded to S3: embeddings/embeddings_chunk_1.pt
Batch 414 of chunk 1 uploaded to S3: embeddings/embeddings_chunk_1.pt
Batch 415 of chunk 1 uploaded to S3: embeddings/embeddings_chunk_1.pt
Batch 416 of chunk 1 uploaded to S3: embeddings/embeddings_chunk_1.pt
Batch 417 of chunk 1 uploaded to S3: embeddings/embeddings_chunk_1.pt
Batch 418 of chunk 1 uploaded to S3: embeddings/embeddings_chunk_1.pt
Batch 419 of chunk 1 uploaded to S3: embeddings/embeddings_chunk_1.pt
Batch 420 of chunk 1 uploaded to S3: embeddings/embeddings_chunk_1.pt
Batch 421 of chunk 1 uploaded to S3: embeddings/embeddings_chunk_1.pt
Batch 422 of chunk 1 uploaded to S3: embeddings/embeddings_chunk_1.pt
Batch 423 of chunk 1 uploaded to S3: embeddings/embeddings_chunk_1.pt
Batch 424 of chunk 1 uploaded to S3: embeddings/embeddings_chunk_1.pt
Batch 425 of chunk 1 uploaded to S3: embeddings/embeddings_chunk_1.pt
Batch 426 of chunk 1 uploaded to S3: embeddings/embeddings_chunk_1.pt
Batch 427 of chunk 1 uploaded to S3: embeddings/embeddings_chunk_1.pt
Batch 428 of chunk 1 uploaded to S3: embeddings/embeddings_chunk_1.pt
Batch 429 of chunk 1 uploaded to S3: embeddings/embeddings_chunk_1.pt
Batch 430 of chunk 1 uploaded to S3: embeddings/embeddings_chunk_1.pt
Batch 431 of chunk 1 uploaded to S3: embeddings/embeddings_chunk_1.pt
Batch 432 of chunk 1 uploaded to S3: embeddings/embeddings_chunk_1.pt
Batch 433 of chunk 1 uploaded to S3: embeddings/embeddings_chunk_1.pt
Batch 434 of chunk 1 uploaded to S3: embeddings/embeddings_chunk_1.pt
Batch 435 of chunk 1 uploaded to S3: embeddings/embeddings_chunk_1.pt
Batch 436 of chunk 1 uploaded to S3: embeddings/embeddings_chunk_1.pt
Batch 437 of chunk 1 uploaded to S3: embeddings/embeddings_chunk_1.pt
Batch 438 of chunk 1 uploaded to S3: embeddings/embeddings_chunk_1.pt
Batch 439 of chunk 1 uploaded to S3: embeddings/embeddings_chunk_1.pt
Batch 440 of chunk 1 uploaded to S3: embeddings/embeddings_chunk_1.pt
Batch 441 of chunk 1 uploaded to S3: embeddings/embeddings_chunk_1.pt
Batch 442 of chunk 1 uploaded to S3: embeddings/embeddings_chunk_1.pt
Batch 443 of chunk 1 uploaded to S3: embeddings/embeddings_chunk_1.pt
Batch 444 of chunk 1 uploaded to S3: embeddings/embeddings_chunk_1.pt
Batch 445 of chunk 1 uploaded to S3: embeddings/embeddings_chunk_1.pt
Batch 446 of chunk 1 uploaded to S3: embeddings/embeddings_chunk_1.pt
Batch 447 of chunk 1 uploaded to S3: embeddings/embeddings_chunk_1.pt
Batch 448 of chunk 1 uploaded to S3: embeddings/embeddings_chunk_1.pt
Batch 449 of chunk 1 uploaded to S3: embeddings/embeddings_chunk_1.pt
Batch 450 of chunk 1 uploaded to S3: embeddings/embeddings_chunk_1.pt
Batch 451 of chunk 1 uploaded to S3: embeddings/embeddings_chunk_1.pt
Batch 452 of chunk 1 uploaded to S3: embeddings/embeddings_chunk_1.pt
Batch 453 of chunk 1 uploaded to S3: embeddings/embeddings_chunk_1.pt
Batch 454 of chunk 1 uploaded to S3: embeddings/embeddings_chunk_1.pt
Batch 455 of chunk 1 uploaded to S3: embeddings/embeddings_chunk_1.pt
Batch 456 of chunk 1 uploaded to S3: embeddings/embeddings_chunk_1.pt
Batch 457 of chunk 1 uploaded to S3: embeddings/embeddings_chunk_1.pt
Batch 458 of chunk 1 uploaded to S3: embeddings/embeddings_chunk_1.pt
Batch 459 of chunk 1 uploaded to S3: embeddings/embeddings_chunk_1.pt
Batch 460 of chunk 1 uploaded to S3: embeddings/embeddings_chunk_1.pt
Batch 461 of chunk 1 uploaded to S3: embeddings/embeddings_chunk_1.pt
Batch 462 of chunk 1 uploaded to S3: embeddings/embeddings_chunk_1.pt
Batch 463 of chunk 1 uploaded to S3: embeddings/embeddings_chunk_1.pt
Batch 464 of chunk 1 uploaded to S3: embeddings/embeddings_chunk_1.pt
Batch 465 of chunk 1 uploaded to S3: embeddings/embeddings_chunk_1.pt
Batch 466 of chunk 1 uploaded to S3: embeddings/embeddings_chunk_1.pt
Batch 467 of chunk 1 uploaded to S3: embeddings/embeddings_chunk_1.pt
Batch 468 of chunk 1 uploaded to S3: embeddings/embeddings_chunk_1.pt
Batch 469 of chunk 1 uploaded to S3: embeddings/embeddings_chunk_1.pt
Batch 470 of chunk 1 uploaded to S3: embeddings/embeddings_chunk_1.pt
Batch 471 of chunk 1 uploaded to S3: embeddings/embeddings_chunk_1.pt
Batch 472 of chunk 1 uploaded to S3: embeddings/embeddings_chunk_1.pt
Batch 473 of chunk 1 uploaded to S3: embeddings/embeddings_chunk_1.pt
Batch 474 of chunk 1 uploaded to S3: embeddings/embeddings_chunk_1.pt
Batch 475 of chunk 1 uploaded to S3: embeddings/embeddings_chunk_1.pt
Batch 476 of chunk 1 uploaded to S3: embeddings/embeddings_chunk_1.pt
Batch 477 of chunk 1 uploaded to S3: embeddings/embeddings_chunk_1.pt
Batch 478 of chunk 1 uploaded to S3: embeddings/embeddings_chunk_1.pt
Batch 479 of chunk 1 uploaded to S3: embeddings/embeddings_chunk_1.pt
Batch 480 of chunk 1 uploaded to S3: embeddings/embeddings_chunk_1.pt
Batch 481 of chunk 1 uploaded to S3: embeddings/embeddings_chunk_1.pt
Batch 482 of chunk 1 uploaded to S3: embeddings/embeddings_chunk_1.pt
Batch 483 of chunk 1 uploaded to S3: embeddings/embeddings_chunk_1.pt
Batch 484 of chunk 1 uploaded to S3: embeddings/embeddings_chunk_1.pt
Batch 485 of chunk 1 uploaded to S3: embeddings/embeddings_chunk_1.pt
Batch 486 of chunk 1 uploaded to S3: embeddings/embeddings_chunk_1.pt
Batch 487 of chunk 1 uploaded to S3: embeddings/embeddings_chunk_1.pt
Batch 488 of chunk 1 uploaded to S3: embeddings/embeddings_chunk_1.pt
Batch 489 of chunk 1 uploaded to S3: embeddings/embeddings_chunk_1.pt
Batch 490 of chunk 1 uploaded to S3: embeddings/embeddings_chunk_1.pt
Batch 491 of chunk 1 uploaded to S3: embeddings/embeddings_chunk_1.pt
Batch 492 of chunk 1 uploaded to S3: embeddings/embeddings_chunk_1.pt
Batch 493 of chunk 1 uploaded to S3: embeddings/embeddings_chunk_1.pt
Batch 494 of chunk 1 uploaded to S3: embeddings/embeddings_chunk_1.pt
Batch 495 of chunk 1 uploaded to S3: embeddings/embeddings_chunk_1.pt
Batch 496 of chunk 1 uploaded to S3: embeddings/embeddings_chunk_1.pt
Batch 497 of chunk 1 uploaded to S3: embeddings/embeddings_chunk_1.pt
Batch 498 of chunk 1 uploaded to S3: embeddings/embeddings_chunk_1.pt
Batch 499 of chunk 1 uploaded to S3: embeddings/embeddings_chunk_1.pt
Batch 500 of chunk 1 uploaded to S3: embeddings/embeddings_chunk_1.pt
Batch 501 of chunk 1 uploaded to S3: embeddings/embeddings_chunk_1.pt
Batch 502 of chunk 1 uploaded to S3: embeddings/embeddings_chunk_1.pt
Batch 503 of chunk 1 uploaded to S3: embeddings/embeddings_chunk_1.pt
Batch 504 of chunk 1 uploaded to S3: embeddings/embeddings_chunk_1.pt
Batch 505 of chunk 1 uploaded to S3: embeddings/embeddings_chunk_1.pt
Batch 506 of chunk 1 uploaded to S3: embeddings/embeddings_chunk_1.pt
Batch 507 of chunk 1 uploaded to S3: embeddings/embeddings_chunk_1.pt
Batch 508 of chunk 1 uploaded to S3: embeddings/embeddings_chunk_1.pt
Batch 509 of chunk 1 uploaded to S3: embeddings/embeddings_chunk_1.pt
Batch 510 of chunk 1 uploaded to S3: embeddings/embeddings_chunk_1.pt
Batch 511 of chunk 1 uploaded to S3: embeddings/embeddings_chunk_1.pt
Batch 512 of chunk 1 uploaded to S3: embeddings/embeddings_chunk_1.pt
Batch 513 of chunk 1 uploaded to S3: embeddings/embeddings_chunk_1.pt
Batch 514 of chunk 1 uploaded to S3: embeddings/embeddings_chunk_1.pt
Batch 515 of chunk 1 uploaded to S3: embeddings/embeddings_chunk_1.pt
Batch 516 of chunk 1 uploaded to S3: embeddings/embeddings_chunk_1.pt
Batch 517 of chunk 1 uploaded to S3: embeddings/embeddings_chunk_1.pt
Batch 518 of chunk 1 uploaded to S3: embeddings/embeddings_chunk_1.pt
Batch 519 of chunk 1 uploaded to S3: embeddings/embeddings_chunk_1.pt
Batch 520 of chunk 1 uploaded to S3: embeddings/embeddings_chunk_1.pt
Batch 521 of chunk 1 uploaded to S3: embeddings/embeddings_chunk_1.pt
Batch 522 of chunk 1 uploaded to S3: embeddings/embeddings_chunk_1.pt
Batch 523 of chunk 1 uploaded to S3: embeddings/embeddings_chunk_1.pt
Batch 524 of chunk 1 uploaded to S3: embeddings/embeddings_chunk_1.pt
Batch 525 of chunk 1 uploaded to S3: embeddings/embeddings_chunk_1.pt
Batch 526 of chunk 1 uploaded to S3: embeddings/embeddings_chunk_1.pt
Batch 527 of chunk 1 uploaded to S3: embeddings/embeddings_chunk_1.pt
Batch 528 of chunk 1 uploaded to S3: embeddings/embeddings_chunk_1.pt
Batch 529 of chunk 1 uploaded to S3: embeddings/embeddings_chunk_1.pt
Batch 530 of chunk 1 uploaded to S3: embeddings/embeddings_chunk_1.pt
Batch 531 of chunk 1 uploaded to S3: embeddings/embeddings_chunk_1.pt
Batch 532 of chunk 1 uploaded to S3: embeddings/embeddings_chunk_1.pt
Batch 533 of chunk 1 uploaded to S3: embeddings/embeddings_chunk_1.pt
Batch 534 of chunk 1 uploaded to S3: embeddings/embeddings_chunk_1.pt
Batch 535 of chunk 1 uploaded to S3: embeddings/embeddings_chunk_1.pt
Batch 536 of chunk 1 uploaded to S3: embeddings/embeddings_chunk_1.pt
Batch 537 of chunk 1 uploaded to S3: embeddings/embeddings_chunk_1.pt
Batch 538 of chunk 1 uploaded to S3: embeddings/embeddings_chunk_1.pt
Batch 539 of chunk 1 uploaded to S3: embeddings/embeddings_chunk_1.pt
Batch 540 of chunk 1 uploaded to S3: embeddings/embeddings_chunk_1.pt
Batch 541 of chunk 1 uploaded to S3: embeddings/embeddings_chunk_1.pt
Batch 542 of chunk 1 uploaded to S3: embeddings/embeddings_chunk_1.pt
Batch 543 of chunk 1 uploaded to S3: embeddings/embeddings_chunk_1.pt
Batch 544 of chunk 1 uploaded to S3: embeddings/embeddings_chunk_1.pt
Batch 545 of chunk 1 uploaded to S3: embeddings/embeddings_chunk_1.pt
Batch 546 of chunk 1 uploaded to S3: embeddings/embeddings_chunk_1.pt
Batch 547 of chunk 1 uploaded to S3: embeddings/embeddings_chunk_1.pt
Batch 548 of chunk 1 uploaded to S3: embeddings/embeddings_chunk_1.pt
Batch 549 of chunk 1 uploaded to S3: embeddings/embeddings_chunk_1.pt
Batch 550 of chunk 1 uploaded to S3: embeddings/embeddings_chunk_1.pt
Batch 551 of chunk 1 uploaded to S3: embeddings/embeddings_chunk_1.pt
Batch 552 of chunk 1 uploaded to S3: embeddings/embeddings_chunk_1.pt
Batch 553 of chunk 1 uploaded to S3: embeddings/embeddings_chunk_1.pt
Batch 554 of chunk 1 uploaded to S3: embeddings/embeddings_chunk_1.pt
Batch 555 of chunk 1 uploaded to S3: embeddings/embeddings_chunk_1.pt
Batch 556 of chunk 1 uploaded to S3: embeddings/embeddings_chunk_1.pt
Batch 557 of chunk 1 uploaded to S3: embeddings/embeddings_chunk_1.pt
Batch 558 of chunk 1 uploaded to S3: embeddings/embeddings_chunk_1.pt
Batch 559 of chunk 1 uploaded to S3: embeddings/embeddings_chunk_1.pt
Batch 560 of chunk 1 uploaded to S3: embeddings/embeddings_chunk_1.pt
Batch 561 of chunk 1 uploaded to S3: embeddings/embeddings_chunk_1.pt
Batch 562 of chunk 1 uploaded to S3: embeddings/embeddings_chunk_1.pt
Batch 563 of chunk 1 uploaded to S3: embeddings/embeddings_chunk_1.pt
Batch 564 of chunk 1 uploaded to S3: embeddings/embeddings_chunk_1.pt
Batch 565 of chunk 1 uploaded to S3: embeddings/embeddings_chunk_1.pt
Batch 566 of chunk 1 uploaded to S3: embeddings/embeddings_chunk_1.pt
Batch 567 of chunk 1 uploaded to S3: embeddings/embeddings_chunk_1.pt
Batch 568 of chunk 1 uploaded to S3: embeddings/embeddings_chunk_1.pt
Batch 569 of chunk 1 uploaded to S3: embeddings/embeddings_chunk_1.pt
Batch 570 of chunk 1 uploaded to S3: embeddings/embeddings_chunk_1.pt
Batch 571 of chunk 1 uploaded to S3: embeddings/embeddings_chunk_1.pt
Batch 572 of chunk 1 uploaded to S3: embeddings/embeddings_chunk_1.pt
Batch 573 of chunk 1 uploaded to S3: embeddings/embeddings_chunk_1.pt
Batch 574 of chunk 1 uploaded to S3: embeddings/embeddings_chunk_1.pt
Batch 575 of chunk 1 uploaded to S3: embeddings/embeddings_chunk_1.pt
Batch 576 of chunk 1 uploaded to S3: embeddings/embeddings_chunk_1.pt
Batch 577 of chunk 1 uploaded to S3: embeddings/embeddings_chunk_1.pt
Batch 578 of chunk 1 uploaded to S3: embeddings/embeddings_chunk_1.pt
Batch 579 of chunk 1 uploaded to S3: embeddings/embeddings_chunk_1.pt
Batch 580 of chunk 1 uploaded to S3: embeddings/embeddings_chunk_1.pt
Batch 581 of chunk 1 uploaded to S3: embeddings/embeddings_chunk_1.pt
Batch 582 of chunk 1 uploaded to S3: embeddings/embeddings_chunk_1.pt
Batch 583 of chunk 1 uploaded to S3: embeddings/embeddings_chunk_1.pt
Batch 584 of chunk 1 uploaded to S3: embeddings/embeddings_chunk_1.pt
Batch 585 of chunk 1 uploaded to S3: embeddings/embeddings_chunk_1.pt
Batch 586 of chunk 1 uploaded to S3: embeddings/embeddings_chunk_1.pt
Batch 587 of chunk 1 uploaded to S3: embeddings/embeddings_chunk_1.pt
Batch 588 of chunk 1 uploaded to S3: embeddings/embeddings_chunk_1.pt
Batch 589 of chunk 1 uploaded to S3: embeddings/embeddings_chunk_1.pt
Batch 590 of chunk 1 uploaded to S3: embeddings/embeddings_chunk_1.pt
Batch 591 of chunk 1 uploaded to S3: embeddings/embeddings_chunk_1.pt
Batch 592 of chunk 1 uploaded to S3: embeddings/embeddings_chunk_1.pt
Batch 593 of chunk 1 uploaded to S3: embeddings/embeddings_chunk_1.pt
Batch 594 of chunk 1 uploaded to S3: embeddings/embeddings_chunk_1.pt
Batch 595 of chunk 1 uploaded to S3: embeddings/embeddings_chunk_1.pt
Batch 596 of chunk 1 uploaded to S3: embeddings/embeddings_chunk_1.pt
Batch 597 of chunk 1 uploaded to S3: embeddings/embeddings_chunk_1.pt
Batch 598 of chunk 1 uploaded to S3: embeddings/embeddings_chunk_1.pt
Batch 599 of chunk 1 uploaded to S3: embeddings/embeddings_chunk_1.pt
Batch 600 of chunk 1 uploaded to S3: embeddings/embeddings_chunk_1.pt
Batch 601 of chunk 1 uploaded to S3: embeddings/embeddings_chunk_1.pt
Batch 602 of chunk 1 uploaded to S3: embeddings/embeddings_chunk_1.pt
Batch 603 of chunk 1 uploaded to S3: embeddings/embeddings_chunk_1.pt
Batch 604 of chunk 1 uploaded to S3: embeddings/embeddings_chunk_1.pt
Batch 605 of chunk 1 uploaded to S3: embeddings/embeddings_chunk_1.pt
Batch 606 of chunk 1 uploaded to S3: embeddings/embeddings_chunk_1.pt
Batch 607 of chunk 1 uploaded to S3: embeddings/embeddings_chunk_1.pt
Batch 608 of chunk 1 uploaded to S3: embeddings/embeddings_chunk_1.pt
Batch 609 of chunk 1 uploaded to S3: embeddings/embeddings_chunk_1.pt
Batch 610 of chunk 1 uploaded to S3: embeddings/embeddings_chunk_1.pt
Batch 611 of chunk 1 uploaded to S3: embeddings/embeddings_chunk_1.pt
Batch 612 of chunk 1 uploaded to S3: embeddings/embeddings_chunk_1.pt
Batch 613 of chunk 1 uploaded to S3: embeddings/embeddings_chunk_1.pt
Batch 614 of chunk 1 uploaded to S3: embeddings/embeddings_chunk_1.pt
Batch 615 of chunk 1 uploaded to S3: embeddings/embeddings_chunk_1.pt
Batch 616 of chunk 1 uploaded to S3: embeddings/embeddings_chunk_1.pt
Batch 617 of chunk 1 uploaded to S3: embeddings/embeddings_chunk_1.pt
Batch 618 of chunk 1 uploaded to S3: embeddings/embeddings_chunk_1.pt
Batch 619 of chunk 1 uploaded to S3: embeddings/embeddings_chunk_1.pt
Batch 620 of chunk 1 uploaded to S3: embeddings/embeddings_chunk_1.pt
Batch 621 of chunk 1 uploaded to S3: embeddings/embeddings_chunk_1.pt
Batch 622 of chunk 1 uploaded to S3: embeddings/embeddings_chunk_1.pt
Batch 623 of chunk 1 uploaded to S3: embeddings/embeddings_chunk_1.pt
Batch 624 of chunk 1 uploaded to S3: embeddings/embeddings_chunk_1.pt
Batch 625 of chunk 1 uploaded to S3: embeddings/embeddings_chunk_1.pt
Batch 626 of chunk 1 uploaded to S3: embeddings/embeddings_chunk_1.pt
Batch 627 of chunk 1 uploaded to S3: embeddings/embeddings_chunk_1.pt
Batch 628 of chunk 1 uploaded to S3: embeddings/embeddings_chunk_1.pt
Batch 629 of chunk 1 uploaded to S3: embeddings/embeddings_chunk_1.pt
Batch 630 of chunk 1 uploaded to S3: embeddings/embeddings_chunk_1.pt
Batch 631 of chunk 1 uploaded to S3: embeddings/embeddings_chunk_1.pt
Batch 632 of chunk 1 uploaded to S3: embeddings/embeddings_chunk_1.pt
Batch 633 of chunk 1 uploaded to S3: embeddings/embeddings_chunk_1.pt
Batch 634 of chunk 1 uploaded to S3: embeddings/embeddings_chunk_1.pt
Batch 635 of chunk 1 uploaded to S3: embeddings/embeddings_chunk_1.pt
Batch 636 of chunk 1 uploaded to S3: embeddings/embeddings_chunk_1.pt
Batch 637 of chunk 1 uploaded to S3: embeddings/embeddings_chunk_1.pt
Batch 638 of chunk 1 uploaded to S3: embeddings/embeddings_chunk_1.pt
Batch 639 of chunk 1 uploaded to S3: embeddings/embeddings_chunk_1.pt
Batch 640 of chunk 1 uploaded to S3: embeddings/embeddings_chunk_1.pt
Batch 641 of chunk 1 uploaded to S3: embeddings/embeddings_chunk_1.pt
Batch 642 of chunk 1 uploaded to S3: embeddings/embeddings_chunk_1.pt
Batch 643 of chunk 1 uploaded to S3: embeddings/embeddings_chunk_1.pt
Batch 644 of chunk 1 uploaded to S3: embeddings/embeddings_chunk_1.pt
Batch 645 of chunk 1 uploaded to S3: embeddings/embeddings_chunk_1.pt
Batch 646 of chunk 1 uploaded to S3: embeddings/embeddings_chunk_1.pt
Batch 647 of chunk 1 uploaded to S3: embeddings/embeddings_chunk_1.pt
Batch 648 of chunk 1 uploaded to S3: embeddings/embeddings_chunk_1.pt
Batch 649 of chunk 1 uploaded to S3: embeddings/embeddings_chunk_1.pt
Batch 650 of chunk 1 uploaded to S3: embeddings/embeddings_chunk_1.pt
Batch 651 of chunk 1 uploaded to S3: embeddings/embeddings_chunk_1.pt
Batch 652 of chunk 1 uploaded to S3: embeddings/embeddings_chunk_1.pt
Batch 653 of chunk 1 uploaded to S3: embeddings/embeddings_chunk_1.pt
Batch 654 of chunk 1 uploaded to S3: embeddings/embeddings_chunk_1.pt
Batch 655 of chunk 1 uploaded to S3: embeddings/embeddings_chunk_1.pt
Batch 656 of chunk 1 uploaded to S3: embeddings/embeddings_chunk_1.pt
Batch 657 of chunk 1 uploaded to S3: embeddings/embeddings_chunk_1.pt
Batch 658 of chunk 1 uploaded to S3: embeddings/embeddings_chunk_1.pt
Batch 659 of chunk 1 uploaded to S3: embeddings/embeddings_chunk_1.pt
Batch 660 of chunk 1 uploaded to S3: embeddings/embeddings_chunk_1.pt
Batch 661 of chunk 1 uploaded to S3: embeddings/embeddings_chunk_1.pt
Batch 662 of chunk 1 uploaded to S3: embeddings/embeddings_chunk_1.pt
Batch 663 of chunk 1 uploaded to S3: embeddings/embeddings_chunk_1.pt
Batch 664 of chunk 1 uploaded to S3: embeddings/embeddings_chunk_1.pt
Batch 665 of chunk 1 uploaded to S3: embeddings/embeddings_chunk_1.pt
Batch 666 of chunk 1 uploaded to S3: embeddings/embeddings_chunk_1.pt
Batch 667 of chunk 1 uploaded to S3: embeddings/embeddings_chunk_1.pt
Batch 668 of chunk 1 uploaded to S3: embeddings/embeddings_chunk_1.pt
Batch 669 of chunk 1 uploaded to S3: embeddings/embeddings_chunk_1.pt
Batch 670 of chunk 1 uploaded to S3: embeddings/embeddings_chunk_1.pt
Batch 671 of chunk 1 uploaded to S3: embeddings/embeddings_chunk_1.pt
Batch 672 of chunk 1 uploaded to S3: embeddings/embeddings_chunk_1.pt
Batch 673 of chunk 1 uploaded to S3: embeddings/embeddings_chunk_1.pt
Batch 674 of chunk 1 uploaded to S3: embeddings/embeddings_chunk_1.pt
Batch 675 of chunk 1 uploaded to S3: embeddings/embeddings_chunk_1.pt
Batch 676 of chunk 1 uploaded to S3: embeddings/embeddings_chunk_1.pt
Batch 677 of chunk 1 uploaded to S3: embeddings/embeddings_chunk_1.pt
Batch 678 of chunk 1 uploaded to S3: embeddings/embeddings_chunk_1.pt
Batch 679 of chunk 1 uploaded to S3: embeddings/embeddings_chunk_1.pt
Batch 680 of chunk 1 uploaded to S3: embeddings/embeddings_chunk_1.pt
Batch 681 of chunk 1 uploaded to S3: embeddings/embeddings_chunk_1.pt
Batch 682 of chunk 1 uploaded to S3: embeddings/embeddings_chunk_1.pt
Batch 683 of chunk 1 uploaded to S3: embeddings/embeddings_chunk_1.pt
Batch 684 of chunk 1 uploaded to S3: embeddings/embeddings_chunk_1.pt
Batch 685 of chunk 1 uploaded to S3: embeddings/embeddings_chunk_1.pt
Batch 686 of chunk 1 uploaded to S3: embeddings/embeddings_chunk_1.pt
Batch 687 of chunk 1 uploaded to S3: embeddings/embeddings_chunk_1.pt
Batch 688 of chunk 1 uploaded to S3: embeddings/embeddings_chunk_1.pt
Batch 689 of chunk 1 uploaded to S3: embeddings/embeddings_chunk_1.pt
Batch 690 of chunk 1 uploaded to S3: embeddings/embeddings_chunk_1.pt
Batch 691 of chunk 1 uploaded to S3: embeddings/embeddings_chunk_1.pt
Batch 692 of chunk 1 uploaded to S3: embeddings/embeddings_chunk_1.pt
Batch 693 of chunk 1 uploaded to S3: embeddings/embeddings_chunk_1.pt
Batch 694 of chunk 1 uploaded to S3: embeddings/embeddings_chunk_1.pt
Batch 695 of chunk 1 uploaded to S3: embeddings/embeddings_chunk_1.pt
Batch 696 of chunk 1 uploaded to S3: embeddings/embeddings_chunk_1.pt
Batch 697 of chunk 1 uploaded to S3: embeddings/embeddings_chunk_1.pt
Batch 698 of chunk 1 uploaded to S3: embeddings/embeddings_chunk_1.pt
Batch 699 of chunk 1 uploaded to S3: embeddings/embeddings_chunk_1.pt
Batch 700 of chunk 1 uploaded to S3: embeddings/embeddings_chunk_1.pt
Batch 701 of chunk 1 uploaded to S3: embeddings/embeddings_chunk_1.pt
Batch 702 of chunk 1 uploaded to S3: embeddings/embeddings_chunk_1.pt
Batch 703 of chunk 1 uploaded to S3: embeddings/embeddings_chunk_1.pt
Batch 704 of chunk 1 uploaded to S3: embeddings/embeddings_chunk_1.pt
Batch 705 of chunk 1 uploaded to S3: embeddings/embeddings_chunk_1.pt
Batch 706 of chunk 1 uploaded to S3: embeddings/embeddings_chunk_1.pt
Batch 707 of chunk 1 uploaded to S3: embeddings/embeddings_chunk_1.pt
Batch 708 of chunk 1 uploaded to S3: embeddings/embeddings_chunk_1.pt
Batch 709 of chunk 1 uploaded to S3: embeddings/embeddings_chunk_1.pt
Batch 710 of chunk 1 uploaded to S3: embeddings/embeddings_chunk_1.pt
Batch 711 of chunk 1 uploaded to S3: embeddings/embeddings_chunk_1.pt
Batch 712 of chunk 1 uploaded to S3: embeddings/embeddings_chunk_1.pt
Batch 713 of chunk 1 uploaded to S3: embeddings/embeddings_chunk_1.pt
Batch 714 of chunk 1 uploaded to S3: embeddings/embeddings_chunk_1.pt
Batch 715 of chunk 1 uploaded to S3: embeddings/embeddings_chunk_1.pt
Batch 716 of chunk 1 uploaded to S3: embeddings/embeddings_chunk_1.pt
Batch 717 of chunk 1 uploaded to S3: embeddings/embeddings_chunk_1.pt
Batch 718 of chunk 1 uploaded to S3: embeddings/embeddings_chunk_1.pt
Batch 719 of chunk 1 uploaded to S3: embeddings/embeddings_chunk_1.pt
Batch 720 of chunk 1 uploaded to S3: embeddings/embeddings_chunk_1.pt
Batch 721 of chunk 1 uploaded to S3: embeddings/embeddings_chunk_1.pt
Batch 722 of chunk 1 uploaded to S3: embeddings/embeddings_chunk_1.pt
Batch 723 of chunk 1 uploaded to S3: embeddings/embeddings_chunk_1.pt
Batch 724 of chunk 1 uploaded to S3: embeddings/embeddings_chunk_1.pt
Batch 725 of chunk 1 uploaded to S3: embeddings/embeddings_chunk_1.pt
Batch 726 of chunk 1 uploaded to S3: embeddings/embeddings_chunk_1.pt
Batch 727 of chunk 1 uploaded to S3: embeddings/embeddings_chunk_1.pt
Batch 728 of chunk 1 uploaded to S3: embeddings/embeddings_chunk_1.pt
Batch 729 of chunk 1 uploaded to S3: embeddings/embeddings_chunk_1.pt
Batch 730 of chunk 1 uploaded to S3: embeddings/embeddings_chunk_1.pt
Batch 731 of chunk 1 uploaded to S3: embeddings/embeddings_chunk_1.pt
Batch 732 of chunk 1 uploaded to S3: embeddings/embeddings_chunk_1.pt
Batch 733 of chunk 1 uploaded to S3: embeddings/embeddings_chunk_1.pt
Batch 734 of chunk 1 uploaded to S3: embeddings/embeddings_chunk_1.pt
Batch 735 of chunk 1 uploaded to S3: embeddings/embeddings_chunk_1.pt
Batch 736 of chunk 1 uploaded to S3: embeddings/embeddings_chunk_1.pt
Batch 737 of chunk 1 uploaded to S3: embeddings/embeddings_chunk_1.pt
Batch 738 of chunk 1 uploaded to S3: embeddings/embeddings_chunk_1.pt
Batch 739 of chunk 1 uploaded to S3: embeddings/embeddings_chunk_1.pt
Batch 740 of chunk 1 uploaded to S3: embeddings/embeddings_chunk_1.pt
Batch 741 of chunk 1 uploaded to S3: embeddings/embeddings_chunk_1.pt
Batch 742 of chunk 1 uploaded to S3: embeddings/embeddings_chunk_1.pt
Batch 743 of chunk 1 uploaded to S3: embeddings/embeddings_chunk_1.pt
Batch 744 of chunk 1 uploaded to S3: embeddings/embeddings_chunk_1.pt
Batch 745 of chunk 1 uploaded to S3: embeddings/embeddings_chunk_1.pt
Batch 746 of chunk 1 uploaded to S3: embeddings/embeddings_chunk_1.pt
Batch 747 of chunk 1 uploaded to S3: embeddings/embeddings_chunk_1.pt
Batch 748 of chunk 1 uploaded to S3: embeddings/embeddings_chunk_1.pt
Batch 749 of chunk 1 uploaded to S3: embeddings/embeddings_chunk_1.pt
Batch 750 of chunk 1 uploaded to S3: embeddings/embeddings_chunk_1.pt
Batch 751 of chunk 1 uploaded to S3: embeddings/embeddings_chunk_1.pt
Batch 752 of chunk 1 uploaded to S3: embeddings/embeddings_chunk_1.pt
Batch 753 of chunk 1 uploaded to S3: embeddings/embeddings_chunk_1.pt
Batch 754 of chunk 1 uploaded to S3: embeddings/embeddings_chunk_1.pt
Batch 755 of chunk 1 uploaded to S3: embeddings/embeddings_chunk_1.pt
Batch 756 of chunk 1 uploaded to S3: embeddings/embeddings_chunk_1.pt
Batch 757 of chunk 1 uploaded to S3: embeddings/embeddings_chunk_1.pt
Batch 758 of chunk 1 uploaded to S3: embeddings/embeddings_chunk_1.pt
Batch 759 of chunk 1 uploaded to S3: embeddings/embeddings_chunk_1.pt
Batch 760 of chunk 1 uploaded to S3: embeddings/embeddings_chunk_1.pt
Batch 761 of chunk 1 uploaded to S3: embeddings/embeddings_chunk_1.pt
Batch 762 of chunk 1 uploaded to S3: embeddings/embeddings_chunk_1.pt
Batch 763 of chunk 1 uploaded to S3: embeddings/embeddings_chunk_1.pt
Batch 764 of chunk 1 uploaded to S3: embeddings/embeddings_chunk_1.pt
Batch 765 of chunk 1 uploaded to S3: embeddings/embeddings_chunk_1.pt
Batch 766 of chunk 1 uploaded to S3: embeddings/embeddings_chunk_1.pt
Batch 767 of chunk 1 uploaded to S3: embeddings/embeddings_chunk_1.pt
Batch 768 of chunk 1 uploaded to S3: embeddings/embeddings_chunk_1.pt
Batch 769 of chunk 1 uploaded to S3: embeddings/embeddings_chunk_1.pt
Batch 770 of chunk 1 uploaded to S3: embeddings/embeddings_chunk_1.pt
Batch 771 of chunk 1 uploaded to S3: embeddings/embeddings_chunk_1.pt
Batch 772 of chunk 1 uploaded to S3: embeddings/embeddings_chunk_1.pt
Batch 773 of chunk 1 uploaded to S3: embeddings/embeddings_chunk_1.pt
Batch 774 of chunk 1 uploaded to S3: embeddings/embeddings_chunk_1.pt
Batch 775 of chunk 1 uploaded to S3: embeddings/embeddings_chunk_1.pt
Batch 776 of chunk 1 uploaded to S3: embeddings/embeddings_chunk_1.pt
Batch 777 of chunk 1 uploaded to S3: embeddings/embeddings_chunk_1.pt
Batch 778 of chunk 1 uploaded to S3: embeddings/embeddings_chunk_1.pt
Batch 779 of chunk 1 uploaded to S3: embeddings/embeddings_chunk_1.pt
Batch 780 of chunk 1 uploaded to S3: embeddings/embeddings_chunk_1.pt
Batch 781 of chunk 1 uploaded to S3: embeddings/embeddings_chunk_1.pt
Batch 782 of chunk 1 uploaded to S3: embeddings/embeddings_chunk_1.pt
Batch 783 of chunk 1 uploaded to S3: embeddings/embeddings_chunk_1.pt
Batch 784 of chunk 1 uploaded to S3: embeddings/embeddings_chunk_1.pt
Batch 785 of chunk 1 uploaded to S3: embeddings/embeddings_chunk_1.pt
Batch 786 of chunk 1 uploaded to S3: embeddings/embeddings_chunk_1.pt
Batch 787 of chunk 1 uploaded to S3: embeddings/embeddings_chunk_1.pt
Batch 788 of chunk 1 uploaded to S3: embeddings/embeddings_chunk_1.pt
Batch 789 of chunk 1 uploaded to S3: embeddings/embeddings_chunk_1.pt
Batch 790 of chunk 1 uploaded to S3: embeddings/embeddings_chunk_1.pt
Batch 791 of chunk 1 uploaded to S3: embeddings/embeddings_chunk_1.pt
Batch 792 of chunk 1 uploaded to S3: embeddings/embeddings_chunk_1.pt
Batch 793 of chunk 1 uploaded to S3: embeddings/embeddings_chunk_1.pt
Batch 794 of chunk 1 uploaded to S3: embeddings/embeddings_chunk_1.pt
Batch 795 of chunk 1 uploaded to S3: embeddings/embeddings_chunk_1.pt
Batch 796 of chunk 1 uploaded to S3: embeddings/embeddings_chunk_1.pt
Batch 797 of chunk 1 uploaded to S3: embeddings/embeddings_chunk_1.pt
Batch 798 of chunk 1 uploaded to S3: embeddings/embeddings_chunk_1.pt
Batch 799 of chunk 1 uploaded to S3: embeddings/embeddings_chunk_1.pt
Batch 800 of chunk 1 uploaded to S3: embeddings/embeddings_chunk_1.pt
Batch 801 of chunk 1 uploaded to S3: embeddings/embeddings_chunk_1.pt
Batch 802 of chunk 1 uploaded to S3: embeddings/embeddings_chunk_1.pt
Batch 803 of chunk 1 uploaded to S3: embeddings/embeddings_chunk_1.pt
Batch 804 of chunk 1 uploaded to S3: embeddings/embeddings_chunk_1.pt
Batch 805 of chunk 1 uploaded to S3: embeddings/embeddings_chunk_1.pt
Batch 806 of chunk 1 uploaded to S3: embeddings/embeddings_chunk_1.pt
Batch 807 of chunk 1 uploaded to S3: embeddings/embeddings_chunk_1.pt
Batch 808 of chunk 1 uploaded to S3: embeddings/embeddings_chunk_1.pt
Batch 809 of chunk 1 uploaded to S3: embeddings/embeddings_chunk_1.pt
Batch 810 of chunk 1 uploaded to S3: embeddings/embeddings_chunk_1.pt
Batch 811 of chunk 1 uploaded to S3: embeddings/embeddings_chunk_1.pt
Batch 812 of chunk 1 uploaded to S3: embeddings/embeddings_chunk_1.pt
Batch 813 of chunk 1 uploaded to S3: embeddings/embeddings_chunk_1.pt
Batch 814 of chunk 1 uploaded to S3: embeddings/embeddings_chunk_1.pt
Batch 815 of chunk 1 uploaded to S3: embeddings/embeddings_chunk_1.pt
Batch 816 of chunk 1 uploaded to S3: embeddings/embeddings_chunk_1.pt
Batch 817 of chunk 1 uploaded to S3: embeddings/embeddings_chunk_1.pt
Batch 818 of chunk 1 uploaded to S3: embeddings/embeddings_chunk_1.pt
Batch 819 of chunk 1 uploaded to S3: embeddings/embeddings_chunk_1.pt
Batch 820 of chunk 1 uploaded to S3: embeddings/embeddings_chunk_1.pt
Batch 821 of chunk 1 uploaded to S3: embeddings/embeddings_chunk_1.pt
Batch 822 of chunk 1 uploaded to S3: embeddings/embeddings_chunk_1.pt
Batch 823 of chunk 1 uploaded to S3: embeddings/embeddings_chunk_1.pt
Batch 824 of chunk 1 uploaded to S3: embeddings/embeddings_chunk_1.pt
Batch 825 of chunk 1 uploaded to S3: embeddings/embeddings_chunk_1.pt
Batch 826 of chunk 1 uploaded to S3: embeddings/embeddings_chunk_1.pt
Batch 827 of chunk 1 uploaded to S3: embeddings/embeddings_chunk_1.pt
Batch 828 of chunk 1 uploaded to S3: embeddings/embeddings_chunk_1.pt
Batch 829 of chunk 1 uploaded to S3: embeddings/embeddings_chunk_1.pt
Batch 830 of chunk 1 uploaded to S3: embeddings/embeddings_chunk_1.pt
Batch 831 of chunk 1 uploaded to S3: embeddings/embeddings_chunk_1.pt
Batch 832 of chunk 1 uploaded to S3: embeddings/embeddings_chunk_1.pt
Batch 833 of chunk 1 uploaded to S3: embeddings/embeddings_chunk_1.pt
Batch 834 of chunk 1 uploaded to S3: embeddings/embeddings_chunk_1.pt
Batch 835 of chunk 1 uploaded to S3: embeddings/embeddings_chunk_1.pt
Batch 836 of chunk 1 uploaded to S3: embeddings/embeddings_chunk_1.pt
Batch 837 of chunk 1 uploaded to S3: embeddings/embeddings_chunk_1.pt
Batch 838 of chunk 1 uploaded to S3: embeddings/embeddings_chunk_1.pt
Batch 839 of chunk 1 uploaded to S3: embeddings/embeddings_chunk_1.pt
Batch 840 of chunk 1 uploaded to S3: embeddings/embeddings_chunk_1.pt
Batch 841 of chunk 1 uploaded to S3: embeddings/embeddings_chunk_1.pt
Batch 842 of chunk 1 uploaded to S3: embeddings/embeddings_chunk_1.pt
Batch 843 of chunk 1 uploaded to S3: embeddings/embeddings_chunk_1.pt
Batch 844 of chunk 1 uploaded to S3: embeddings/embeddings_chunk_1.pt
Batch 845 of chunk 1 uploaded to S3: embeddings/embeddings_chunk_1.pt
Batch 846 of chunk 1 uploaded to S3: embeddings/embeddings_chunk_1.pt
Batch 847 of chunk 1 uploaded to S3: embeddings/embeddings_chunk_1.pt
Batch 848 of chunk 1 uploaded to S3: embeddings/embeddings_chunk_1.pt
Batch 849 of chunk 1 uploaded to S3: embeddings/embeddings_chunk_1.pt
Batch 850 of chunk 1 uploaded to S3: embeddings/embeddings_chunk_1.pt
Batch 851 of chunk 1 uploaded to S3: embeddings/embeddings_chunk_1.pt
Batch 852 of chunk 1 uploaded to S3: embeddings/embeddings_chunk_1.pt
Batch 853 of chunk 1 uploaded to S3: embeddings/embeddings_chunk_1.pt
Batch 854 of chunk 1 uploaded to S3: embeddings/embeddings_chunk_1.pt
Batch 855 of chunk 1 uploaded to S3: embeddings/embeddings_chunk_1.pt
Batch 856 of chunk 1 uploaded to S3: embeddings/embeddings_chunk_1.pt
Batch 857 of chunk 1 uploaded to S3: embeddings/embeddings_chunk_1.pt
Batch 858 of chunk 1 uploaded to S3: embeddings/embeddings_chunk_1.pt
Batch 859 of chunk 1 uploaded to S3: embeddings/embeddings_chunk_1.pt
Batch 860 of chunk 1 uploaded to S3: embeddings/embeddings_chunk_1.pt
Batch 861 of chunk 1 uploaded to S3: embeddings/embeddings_chunk_1.pt
Batch 862 of chunk 1 uploaded to S3: embeddings/embeddings_chunk_1.pt
Batch 863 of chunk 1 uploaded to S3: embeddings/embeddings_chunk_1.pt
Batch 864 of chunk 1 uploaded to S3: embeddings/embeddings_chunk_1.pt
Batch 865 of chunk 1 uploaded to S3: embeddings/embeddings_chunk_1.pt
Batch 866 of chunk 1 uploaded to S3: embeddings/embeddings_chunk_1.pt
Batch 867 of chunk 1 uploaded to S3: embeddings/embeddings_chunk_1.pt
Batch 868 of chunk 1 uploaded to S3: embeddings/embeddings_chunk_1.pt
Batch 869 of chunk 1 uploaded to S3: embeddings/embeddings_chunk_1.pt
Batch 870 of chunk 1 uploaded to S3: embeddings/embeddings_chunk_1.pt
Batch 871 of chunk 1 uploaded to S3: embeddings/embeddings_chunk_1.pt
Batch 872 of chunk 1 uploaded to S3: embeddings/embeddings_chunk_1.pt
Batch 873 of chunk 1 uploaded to S3: embeddings/embeddings_chunk_1.pt
Batch 874 of chunk 1 uploaded to S3: embeddings/embeddings_chunk_1.pt
Batch 875 of chunk 1 uploaded to S3: embeddings/embeddings_chunk_1.pt
Batch 876 of chunk 1 uploaded to S3: embeddings/embeddings_chunk_1.pt
Batch 877 of chunk 1 uploaded to S3: embeddings/embeddings_chunk_1.pt
Batch 878 of chunk 1 uploaded to S3: embeddings/embeddings_chunk_1.pt
Batch 879 of chunk 1 uploaded to S3: embeddings/embeddings_chunk_1.pt
Batch 880 of chunk 1 uploaded to S3: embeddings/embeddings_chunk_1.pt
Batch 881 of chunk 1 uploaded to S3: embeddings/embeddings_chunk_1.pt
Batch 882 of chunk 1 uploaded to S3: embeddings/embeddings_chunk_1.pt
Batch 883 of chunk 1 uploaded to S3: embeddings/embeddings_chunk_1.pt
Batch 884 of chunk 1 uploaded to S3: embeddings/embeddings_chunk_1.pt
Batch 885 of chunk 1 uploaded to S3: embeddings/embeddings_chunk_1.pt
Batch 886 of chunk 1 uploaded to S3: embeddings/embeddings_chunk_1.pt
Batch 887 of chunk 1 uploaded to S3: embeddings/embeddings_chunk_1.pt
Batch 888 of chunk 1 uploaded to S3: embeddings/embeddings_chunk_1.pt
Batch 889 of chunk 1 uploaded to S3: embeddings/embeddings_chunk_1.pt
Batch 890 of chunk 1 uploaded to S3: embeddings/embeddings_chunk_1.pt
Batch 891 of chunk 1 uploaded to S3: embeddings/embeddings_chunk_1.pt
Batch 892 of chunk 1 uploaded to S3: embeddings/embeddings_chunk_1.pt
Batch 893 of chunk 1 uploaded to S3: embeddings/embeddings_chunk_1.pt
Batch 894 of chunk 1 uploaded to S3: embeddings/embeddings_chunk_1.pt
Batch 895 of chunk 1 uploaded to S3: embeddings/embeddings_chunk_1.pt
Batch 896 of chunk 1 uploaded to S3: embeddings/embeddings_chunk_1.pt
Batch 897 of chunk 1 uploaded to S3: embeddings/embeddings_chunk_1.pt
Batch 898 of chunk 1 uploaded to S3: embeddings/embeddings_chunk_1.pt
Batch 899 of chunk 1 uploaded to S3: embeddings/embeddings_chunk_1.pt
Batch 900 of chunk 1 uploaded to S3: embeddings/embeddings_chunk_1.pt
Batch 901 of chunk 1 uploaded to S3: embeddings/embeddings_chunk_1.pt
Batch 902 of chunk 1 uploaded to S3: embeddings/embeddings_chunk_1.pt
Batch 903 of chunk 1 uploaded to S3: embeddings/embeddings_chunk_1.pt
Batch 904 of chunk 1 uploaded to S3: embeddings/embeddings_chunk_1.pt
Batch 905 of chunk 1 uploaded to S3: embeddings/embeddings_chunk_1.pt
Batch 906 of chunk 1 uploaded to S3: embeddings/embeddings_chunk_1.pt
Batch 907 of chunk 1 uploaded to S3: embeddings/embeddings_chunk_1.pt
Batch 908 of chunk 1 uploaded to S3: embeddings/embeddings_chunk_1.pt
Batch 909 of chunk 1 uploaded to S3: embeddings/embeddings_chunk_1.pt
Batch 910 of chunk 1 uploaded to S3: embeddings/embeddings_chunk_1.pt
Batch 911 of chunk 1 uploaded to S3: embeddings/embeddings_chunk_1.pt
Batch 912 of chunk 1 uploaded to S3: embeddings/embeddings_chunk_1.pt
Batch 913 of chunk 1 uploaded to S3: embeddings/embeddings_chunk_1.pt
Batch 914 of chunk 1 uploaded to S3: embeddings/embeddings_chunk_1.pt
Batch 915 of chunk 1 uploaded to S3: embeddings/embeddings_chunk_1.pt
Batch 916 of chunk 1 uploaded to S3: embeddings/embeddings_chunk_1.pt
Batch 917 of chunk 1 uploaded to S3: embeddings/embeddings_chunk_1.pt
Batch 918 of chunk 1 uploaded to S3: embeddings/embeddings_chunk_1.pt
Batch 919 of chunk 1 uploaded to S3: embeddings/embeddings_chunk_1.pt
Batch 920 of chunk 1 uploaded to S3: embeddings/embeddings_chunk_1.pt
Batch 921 of chunk 1 uploaded to S3: embeddings/embeddings_chunk_1.pt
Batch 922 of chunk 1 uploaded to S3: embeddings/embeddings_chunk_1.pt
Batch 923 of chunk 1 uploaded to S3: embeddings/embeddings_chunk_1.pt
Batch 924 of chunk 1 uploaded to S3: embeddings/embeddings_chunk_1.pt
Batch 925 of chunk 1 uploaded to S3: embeddings/embeddings_chunk_1.pt
Batch 926 of chunk 1 uploaded to S3: embeddings/embeddings_chunk_1.pt
Batch 927 of chunk 1 uploaded to S3: embeddings/embeddings_chunk_1.pt
Batch 928 of chunk 1 uploaded to S3: embeddings/embeddings_chunk_1.pt
Batch 929 of chunk 1 uploaded to S3: embeddings/embeddings_chunk_1.pt
Batch 930 of chunk 1 uploaded to S3: embeddings/embeddings_chunk_1.pt
Batch 931 of chunk 1 uploaded to S3: embeddings/embeddings_chunk_1.pt
Batch 932 of chunk 1 uploaded to S3: embeddings/embeddings_chunk_1.pt
Batch 933 of chunk 1 uploaded to S3: embeddings/embeddings_chunk_1.pt
Batch 934 of chunk 1 uploaded to S3: embeddings/embeddings_chunk_1.pt
Batch 935 of chunk 1 uploaded to S3: embeddings/embeddings_chunk_1.pt
Batch 936 of chunk 1 uploaded to S3: embeddings/embeddings_chunk_1.pt
Batch 937 of chunk 1 uploaded to S3: embeddings/embeddings_chunk_1.pt
Batch 938 of chunk 1 uploaded to S3: embeddings/embeddings_chunk_1.pt
Batch 939 of chunk 1 uploaded to S3: embeddings/embeddings_chunk_1.pt
Batch 940 of chunk 1 uploaded to S3: embeddings/embeddings_chunk_1.pt
Batch 941 of chunk 1 uploaded to S3: embeddings/embeddings_chunk_1.pt
Batch 942 of chunk 1 uploaded to S3: embeddings/embeddings_chunk_1.pt
Batch 943 of chunk 1 uploaded to S3: embeddings/embeddings_chunk_1.pt
Batch 944 of chunk 1 uploaded to S3: embeddings/embeddings_chunk_1.pt
Batch 945 of chunk 1 uploaded to S3: embeddings/embeddings_chunk_1.pt
Batch 946 of chunk 1 uploaded to S3: embeddings/embeddings_chunk_1.pt
Batch 947 of chunk 1 uploaded to S3: embeddings/embeddings_chunk_1.pt
Batch 948 of chunk 1 uploaded to S3: embeddings/embeddings_chunk_1.pt
Batch 949 of chunk 1 uploaded to S3: embeddings/embeddings_chunk_1.pt
Batch 950 of chunk 1 uploaded to S3: embeddings/embeddings_chunk_1.pt
Batch 951 of chunk 1 uploaded to S3: embeddings/embeddings_chunk_1.pt
Batch 952 of chunk 1 uploaded to S3: embeddings/embeddings_chunk_1.pt
Batch 953 of chunk 1 uploaded to S3: embeddings/embeddings_chunk_1.pt
Batch 954 of chunk 1 uploaded to S3: embeddings/embeddings_chunk_1.pt
Batch 955 of chunk 1 uploaded to S3: embeddings/embeddings_chunk_1.pt
Batch 956 of chunk 1 uploaded to S3: embeddings/embeddings_chunk_1.pt
Batch 957 of chunk 1 uploaded to S3: embeddings/embeddings_chunk_1.pt
Batch 958 of chunk 1 uploaded to S3: embeddings/embeddings_chunk_1.pt
Batch 959 of chunk 1 uploaded to S3: embeddings/embeddings_chunk_1.pt
Batch 960 of chunk 1 uploaded to S3: embeddings/embeddings_chunk_1.pt
Batch 961 of chunk 1 uploaded to S3: embeddings/embeddings_chunk_1.pt
Batch 962 of chunk 1 uploaded to S3: embeddings/embeddings_chunk_1.pt
Batch 963 of chunk 1 uploaded to S3: embeddings/embeddings_chunk_1.pt
Batch 964 of chunk 1 uploaded to S3: embeddings/embeddings_chunk_1.pt
Batch 965 of chunk 1 uploaded to S3: embeddings/embeddings_chunk_1.pt
Batch 966 of chunk 1 uploaded to S3: embeddings/embeddings_chunk_1.pt
Batch 967 of chunk 1 uploaded to S3: embeddings/embeddings_chunk_1.pt
Batch 968 of chunk 1 uploaded to S3: embeddings/embeddings_chunk_1.pt
Batch 969 of chunk 1 uploaded to S3: embeddings/embeddings_chunk_1.pt
Batch 970 of chunk 1 uploaded to S3: embeddings/embeddings_chunk_1.pt
Batch 971 of chunk 1 uploaded to S3: embeddings/embeddings_chunk_1.pt
Batch 972 of chunk 1 uploaded to S3: embeddings/embeddings_chunk_1.pt
Batch 973 of chunk 1 uploaded to S3: embeddings/embeddings_chunk_1.pt
Batch 974 of chunk 1 uploaded to S3: embeddings/embeddings_chunk_1.pt
Batch 975 of chunk 1 uploaded to S3: embeddings/embeddings_chunk_1.pt
Batch 976 of chunk 1 uploaded to S3: embeddings/embeddings_chunk_1.pt
Batch 977 of chunk 1 uploaded to S3: embeddings/embeddings_chunk_1.pt
Batch 978 of chunk 1 uploaded to S3: embeddings/embeddings_chunk_1.pt
Batch 979 of chunk 1 uploaded to S3: embeddings/embeddings_chunk_1.pt
Batch 980 of chunk 1 uploaded to S3: embeddings/embeddings_chunk_1.pt
Batch 981 of chunk 1 uploaded to S3: embeddings/embeddings_chunk_1.pt
Batch 982 of chunk 1 uploaded to S3: embeddings/embeddings_chunk_1.pt
Batch 983 of chunk 1 uploaded to S3: embeddings/embeddings_chunk_1.pt
Batch 984 of chunk 1 uploaded to S3: embeddings/embeddings_chunk_1.pt
Batch 985 of chunk 1 uploaded to S3: embeddings/embeddings_chunk_1.pt
Batch 986 of chunk 1 uploaded to S3: embeddings/embeddings_chunk_1.pt
Batch 987 of chunk 1 uploaded to S3: embeddings/embeddings_chunk_1.pt
Batch 988 of chunk 1 uploaded to S3: embeddings/embeddings_chunk_1.pt
Batch 989 of chunk 1 uploaded to S3: embeddings/embeddings_chunk_1.pt
Batch 990 of chunk 1 uploaded to S3: embeddings/embeddings_chunk_1.pt
Batch 991 of chunk 1 uploaded to S3: embeddings/embeddings_chunk_1.pt
Batch 992 of chunk 1 uploaded to S3: embeddings/embeddings_chunk_1.pt
Batch 993 of chunk 1 uploaded to S3: embeddings/embeddings_chunk_1.pt
Batch 994 of chunk 1 uploaded to S3: embeddings/embeddings_chunk_1.pt
Batch 995 of chunk 1 uploaded to S3: embeddings/embeddings_chunk_1.pt
Batch 996 of chunk 1 uploaded to S3: embeddings/embeddings_chunk_1.pt
Batch 997 of chunk 1 uploaded to S3: embeddings/embeddings_chunk_1.pt
Batch 998 of chunk 1 uploaded to S3: embeddings/embeddings_chunk_1.pt
Batch 999 of chunk 1 uploaded to S3: embeddings/embeddings_chunk_1.pt
Batch 1000 of chunk 1 uploaded to S3: embeddings/embeddings_chunk_1.pt
Batch 1001 of chunk 1 uploaded to S3: embeddings/embeddings_chunk_1.pt
Batch 1002 of chunk 1 uploaded to S3: embeddings/embeddings_chunk_1.pt
Batch 1003 of chunk 1 uploaded to S3: embeddings/embeddings_chunk_1.pt
Batch 1004 of chunk 1 uploaded to S3: embeddings/embeddings_chunk_1.pt
Batch 1005 of chunk 1 uploaded to S3: embeddings/embeddings_chunk_1.pt
Batch 1006 of chunk 1 uploaded to S3: embeddings/embeddings_chunk_1.pt
Batch 1007 of chunk 1 uploaded to S3: embeddings/embeddings_chunk_1.pt
Batch 1008 of chunk 1 uploaded to S3: embeddings/embeddings_chunk_1.pt
Batch 1009 of chunk 1 uploaded to S3: embeddings/embeddings_chunk_1.pt
Batch 1010 of chunk 1 uploaded to S3: embeddings/embeddings_chunk_1.pt
Batch 1011 of chunk 1 uploaded to S3: embeddings/embeddings_chunk_1.pt
Batch 1012 of chunk 1 uploaded to S3: embeddings/embeddings_chunk_1.pt
Batch 1013 of chunk 1 uploaded to S3: embeddings/embeddings_chunk_1.pt
Batch 1014 of chunk 1 uploaded to S3: embeddings/embeddings_chunk_1.pt
Batch 1015 of chunk 1 uploaded to S3: embeddings/embeddings_chunk_1.pt
Batch 1016 of chunk 1 uploaded to S3: embeddings/embeddings_chunk_1.pt
Batch 1017 of chunk 1 uploaded to S3: embeddings/embeddings_chunk_1.pt
Batch 1018 of chunk 1 uploaded to S3: embeddings/embeddings_chunk_1.pt
Batch 1019 of chunk 1 uploaded to S3: embeddings/embeddings_chunk_1.pt
Batch 1020 of chunk 1 uploaded to S3: embeddings/embeddings_chunk_1.pt
Batch 1021 of chunk 1 uploaded to S3: embeddings/embeddings_chunk_1.pt
Batch 1022 of chunk 1 uploaded to S3: embeddings/embeddings_chunk_1.pt
Batch 1023 of chunk 1 uploaded to S3: embeddings/embeddings_chunk_1.pt
Batch 1024 of chunk 1 uploaded to S3: embeddings/embeddings_chunk_1.pt
Batch 1025 of chunk 1 uploaded to S3: embeddings/embeddings_chunk_1.pt
Batch 1026 of chunk 1 uploaded to S3: embeddings/embeddings_chunk_1.pt
Batch 1027 of chunk 1 uploaded to S3: embeddings/embeddings_chunk_1.pt
Batch 1028 of chunk 1 uploaded to S3: embeddings/embeddings_chunk_1.pt
Batch 1029 of chunk 1 uploaded to S3: embeddings/embeddings_chunk_1.pt
Batch 1030 of chunk 1 uploaded to S3: embeddings/embeddings_chunk_1.pt
Batch 1031 of chunk 1 uploaded to S3: embeddings/embeddings_chunk_1.pt
Batch 1032 of chunk 1 uploaded to S3: embeddings/embeddings_chunk_1.pt
Batch 1033 of chunk 1 uploaded to S3: embeddings/embeddings_chunk_1.pt
Batch 1034 of chunk 1 uploaded to S3: embeddings/embeddings_chunk_1.pt
Batch 1035 of chunk 1 uploaded to S3: embeddings/embeddings_chunk_1.pt
Batch 1036 of chunk 1 uploaded to S3: embeddings/embeddings_chunk_1.pt
Batch 1037 of chunk 1 uploaded to S3: embeddings/embeddings_chunk_1.pt
Batch 1038 of chunk 1 uploaded to S3: embeddings/embeddings_chunk_1.pt
Batch 1039 of chunk 1 uploaded to S3: embeddings/embeddings_chunk_1.pt
Batch 1040 of chunk 1 uploaded to S3: embeddings/embeddings_chunk_1.pt
Batch 1041 of chunk 1 uploaded to S3: embeddings/embeddings_chunk_1.pt
Batch 1042 of chunk 1 uploaded to S3: embeddings/embeddings_chunk_1.pt
Batch 1043 of chunk 1 uploaded to S3: embeddings/embeddings_chunk_1.pt
Batch 1044 of chunk 1 uploaded to S3: embeddings/embeddings_chunk_1.pt
Batch 1045 of chunk 1 uploaded to S3: embeddings/embeddings_chunk_1.pt
Batch 1046 of chunk 1 uploaded to S3: embeddings/embeddings_chunk_1.pt
Batch 1047 of chunk 1 uploaded to S3: embeddings/embeddings_chunk_1.pt
Batch 1048 of chunk 1 uploaded to S3: embeddings/embeddings_chunk_1.pt
Batch 1049 of chunk 1 uploaded to S3: embeddings/embeddings_chunk_1.pt
Batch 1050 of chunk 1 uploaded to S3: embeddings/embeddings_chunk_1.pt
Batch 1051 of chunk 1 uploaded to S3: embeddings/embeddings_chunk_1.pt
Batch 1052 of chunk 1 uploaded to S3: embeddings/embeddings_chunk_1.pt
Batch 1053 of chunk 1 uploaded to S3: embeddings/embeddings_chunk_1.pt
Batch 1054 of chunk 1 uploaded to S3: embeddings/embeddings_chunk_1.pt
Batch 1055 of chunk 1 uploaded to S3: embeddings/embeddings_chunk_1.pt
Batch 1056 of chunk 1 uploaded to S3: embeddings/embeddings_chunk_1.pt
Batch 1057 of chunk 1 uploaded to S3: embeddings/embeddings_chunk_1.pt
Batch 1058 of chunk 1 uploaded to S3: embeddings/embeddings_chunk_1.pt
Batch 1059 of chunk 1 uploaded to S3: embeddings/embeddings_chunk_1.pt
Batch 1060 of chunk 1 uploaded to S3: embeddings/embeddings_chunk_1.pt
Batch 1061 of chunk 1 uploaded to S3: embeddings/embeddings_chunk_1.pt
Batch 1062 of chunk 1 uploaded to S3: embeddings/embeddings_chunk_1.pt
Batch 1063 of chunk 1 uploaded to S3: embeddings/embeddings_chunk_1.pt
Batch 1064 of chunk 1 uploaded to S3: embeddings/embeddings_chunk_1.pt
Batch 1065 of chunk 1 uploaded to S3: embeddings/embeddings_chunk_1.pt
Batch 1066 of chunk 1 uploaded to S3: embeddings/embeddings_chunk_1.pt
Batch 1067 of chunk 1 uploaded to S3: embeddings/embeddings_chunk_1.pt
Batch 1068 of chunk 1 uploaded to S3: embeddings/embeddings_chunk_1.pt
Batch 1069 of chunk 1 uploaded to S3: embeddings/embeddings_chunk_1.pt
Batch 1070 of chunk 1 uploaded to S3: embeddings/embeddings_chunk_1.pt
Batch 1071 of chunk 1 uploaded to S3: embeddings/embeddings_chunk_1.pt
Batch 1072 of chunk 1 uploaded to S3: embeddings/embeddings_chunk_1.pt
Batch 1073 of chunk 1 uploaded to S3: embeddings/embeddings_chunk_1.pt
Batch 1074 of chunk 1 uploaded to S3: embeddings/embeddings_chunk_1.pt
Batch 1075 of chunk 1 uploaded to S3: embeddings/embeddings_chunk_1.pt
Batch 1076 of chunk 1 uploaded to S3: embeddings/embeddings_chunk_1.pt
Batch 1077 of chunk 1 uploaded to S3: embeddings/embeddings_chunk_1.pt
Batch 1078 of chunk 1 uploaded to S3: embeddings/embeddings_chunk_1.pt
Batch 1079 of chunk 1 uploaded to S3: embeddings/embeddings_chunk_1.pt
Batch 1080 of chunk 1 uploaded to S3: embeddings/embeddings_chunk_1.pt
Batch 1081 of chunk 1 uploaded to S3: embeddings/embeddings_chunk_1.pt
Batch 1082 of chunk 1 uploaded to S3: embeddings/embeddings_chunk_1.pt
Batch 1083 of chunk 1 uploaded to S3: embeddings/embeddings_chunk_1.pt
Batch 1084 of chunk 1 uploaded to S3: embeddings/embeddings_chunk_1.pt
Batch 1085 of chunk 1 uploaded to S3: embeddings/embeddings_chunk_1.pt
Batch 1086 of chunk 1 uploaded to S3: embeddings/embeddings_chunk_1.pt
Batch 1087 of chunk 1 uploaded to S3: embeddings/embeddings_chunk_1.pt
Batch 1088 of chunk 1 uploaded to S3: embeddings/embeddings_chunk_1.pt
Batch 1089 of chunk 1 uploaded to S3: embeddings/embeddings_chunk_1.pt
Batch 1090 of chunk 1 uploaded to S3: embeddings/embeddings_chunk_1.pt
Batch 1091 of chunk 1 uploaded to S3: embeddings/embeddings_chunk_1.pt
Batch 1092 of chunk 1 uploaded to S3: embeddings/embeddings_chunk_1.pt
Batch 1093 of chunk 1 uploaded to S3: embeddings/embeddings_chunk_1.pt
Batch 1094 of chunk 1 uploaded to S3: embeddings/embeddings_chunk_1.pt
Batch 1095 of chunk 1 uploaded to S3: embeddings/embeddings_chunk_1.pt
Batch 1096 of chunk 1 uploaded to S3: embeddings/embeddings_chunk_1.pt
Batch 1097 of chunk 1 uploaded to S3: embeddings/embeddings_chunk_1.pt
Batch 1098 of chunk 1 uploaded to S3: embeddings/embeddings_chunk_1.pt
Batch 1099 of chunk 1 uploaded to S3: embeddings/embeddings_chunk_1.pt
Batch 1100 of chunk 1 uploaded to S3: embeddings/embeddings_chunk_1.pt
Batch 1101 of chunk 1 uploaded to S3: embeddings/embeddings_chunk_1.pt
Batch 1102 of chunk 1 uploaded to S3: embeddings/embeddings_chunk_1.pt
Batch 1103 of chunk 1 uploaded to S3: embeddings/embeddings_chunk_1.pt
Batch 1104 of chunk 1 uploaded to S3: embeddings/embeddings_chunk_1.pt
Batch 1105 of chunk 1 uploaded to S3: embeddings/embeddings_chunk_1.pt
Batch 1106 of chunk 1 uploaded to S3: embeddings/embeddings_chunk_1.pt
Batch 1107 of chunk 1 uploaded to S3: embeddings/embeddings_chunk_1.pt
Batch 1108 of chunk 1 uploaded to S3: embeddings/embeddings_chunk_1.pt
Batch 1109 of chunk 1 uploaded to S3: embeddings/embeddings_chunk_1.pt
Batch 1110 of chunk 1 uploaded to S3: embeddings/embeddings_chunk_1.pt
Batch 1111 of chunk 1 uploaded to S3: embeddings/embeddings_chunk_1.pt
Batch 1112 of chunk 1 uploaded to S3: embeddings/embeddings_chunk_1.pt
Batch 1113 of chunk 1 uploaded to S3: embeddings/embeddings_chunk_1.pt
Batch 1114 of chunk 1 uploaded to S3: embeddings/embeddings_chunk_1.pt
Batch 1115 of chunk 1 uploaded to S3: embeddings/embeddings_chunk_1.pt
Batch 1116 of chunk 1 uploaded to S3: embeddings/embeddings_chunk_1.pt
Batch 1117 of chunk 1 uploaded to S3: embeddings/embeddings_chunk_1.pt
Batch 1118 of chunk 1 uploaded to S3: embeddings/embeddings_chunk_1.pt
Batch 1119 of chunk 1 uploaded to S3: embeddings/embeddings_chunk_1.pt
Batch 1120 of chunk 1 uploaded to S3: embeddings/embeddings_chunk_1.pt
Batch 1121 of chunk 1 uploaded to S3: embeddings/embeddings_chunk_1.pt
Batch 1122 of chunk 1 uploaded to S3: embeddings/embeddings_chunk_1.pt
Batch 1123 of chunk 1 uploaded to S3: embeddings/embeddings_chunk_1.pt
Batch 1124 of chunk 1 uploaded to S3: embeddings/embeddings_chunk_1.pt
Batch 1125 of chunk 1 uploaded to S3: embeddings/embeddings_chunk_1.pt
Batch 1126 of chunk 1 uploaded to S3: embeddings/embeddings_chunk_1.pt
Batch 1127 of chunk 1 uploaded to S3: embeddings/embeddings_chunk_1.pt
Batch 1128 of chunk 1 uploaded to S3: embeddings/embeddings_chunk_1.pt
Batch 1129 of chunk 1 uploaded to S3: embeddings/embeddings_chunk_1.pt
Batch 1130 of chunk 1 uploaded to S3: embeddings/embeddings_chunk_1.pt
Batch 1131 of chunk 1 uploaded to S3: embeddings/embeddings_chunk_1.pt
Batch 1132 of chunk 1 uploaded to S3: embeddings/embeddings_chunk_1.pt
Batch 1133 of chunk 1 uploaded to S3: embeddings/embeddings_chunk_1.pt
Batch 1134 of chunk 1 uploaded to S3: embeddings/embeddings_chunk_1.pt
Batch 1135 of chunk 1 uploaded to S3: embeddings/embeddings_chunk_1.pt
Batch 1136 of chunk 1 uploaded to S3: embeddings/embeddings_chunk_1.pt
Batch 1137 of chunk 1 uploaded to S3: embeddings/embeddings_chunk_1.pt
Batch 1138 of chunk 1 uploaded to S3: embeddings/embeddings_chunk_1.pt
Batch 1139 of chunk 1 uploaded to S3: embeddings/embeddings_chunk_1.pt
Batch 1140 of chunk 1 uploaded to S3: embeddings/embeddings_chunk_1.pt
Batch 1141 of chunk 1 uploaded to S3: embeddings/embeddings_chunk_1.pt
Batch 1142 of chunk 1 uploaded to S3: embeddings/embeddings_chunk_1.pt
Batch 1143 of chunk 1 uploaded to S3: embeddings/embeddings_chunk_1.pt
Batch 1144 of chunk 1 uploaded to S3: embeddings/embeddings_chunk_1.pt
Batch 1145 of chunk 1 uploaded to S3: embeddings/embeddings_chunk_1.pt
Batch 1146 of chunk 1 uploaded to S3: embeddings/embeddings_chunk_1.pt
Batch 1147 of chunk 1 uploaded to S3: embeddings/embeddings_chunk_1.pt
Batch 1148 of chunk 1 uploaded to S3: embeddings/embeddings_chunk_1.pt
Batch 1149 of chunk 1 uploaded to S3: embeddings/embeddings_chunk_1.pt
Batch 1150 of chunk 1 uploaded to S3: embeddings/embeddings_chunk_1.pt
Batch 1151 of chunk 1 uploaded to S3: embeddings/embeddings_chunk_1.pt
Batch 1152 of chunk 1 uploaded to S3: embeddings/embeddings_chunk_1.pt
Batch 1153 of chunk 1 uploaded to S3: embeddings/embeddings_chunk_1.pt
Batch 1154 of chunk 1 uploaded to S3: embeddings/embeddings_chunk_1.pt
Batch 1155 of chunk 1 uploaded to S3: embeddings/embeddings_chunk_1.pt
Batch 1156 of chunk 1 uploaded to S3: embeddings/embeddings_chunk_1.pt
Batch 1157 of chunk 1 uploaded to S3: embeddings/embeddings_chunk_1.pt
Batch 1158 of chunk 1 uploaded to S3: embeddings/embeddings_chunk_1.pt
Batch 1159 of chunk 1 uploaded to S3: embeddings/embeddings_chunk_1.pt
Batch 1160 of chunk 1 uploaded to S3: embeddings/embeddings_chunk_1.pt
Batch 1161 of chunk 1 uploaded to S3: embeddings/embeddings_chunk_1.pt
Batch 1162 of chunk 1 uploaded to S3: embeddings/embeddings_chunk_1.pt
Batch 1163 of chunk 1 uploaded to S3: embeddings/embeddings_chunk_1.pt
Batch 1164 of chunk 1 uploaded to S3: embeddings/embeddings_chunk_1.pt
Batch 1165 of chunk 1 uploaded to S3: embeddings/embeddings_chunk_1.pt
Batch 1166 of chunk 1 uploaded to S3: embeddings/embeddings_chunk_1.pt
Batch 1167 of chunk 1 uploaded to S3: embeddings/embeddings_chunk_1.pt
Batch 1168 of chunk 1 uploaded to S3: embeddings/embeddings_chunk_1.pt
Batch 1169 of chunk 1 uploaded to S3: embeddings/embeddings_chunk_1.pt
Batch 1170 of chunk 1 uploaded to S3: embeddings/embeddings_chunk_1.pt
Batch 1171 of chunk 1 uploaded to S3: embeddings/embeddings_chunk_1.pt
Batch 1172 of chunk 1 uploaded to S3: embeddings/embeddings_chunk_1.pt
Batch 1173 of chunk 1 uploaded to S3: embeddings/embeddings_chunk_1.pt
Batch 1174 of chunk 1 uploaded to S3: embeddings/embeddings_chunk_1.pt
Batch 1175 of chunk 1 uploaded to S3: embeddings/embeddings_chunk_1.pt
Batch 1176 of chunk 1 uploaded to S3: embeddings/embeddings_chunk_1.pt
Batch 1177 of chunk 1 uploaded to S3: embeddings/embeddings_chunk_1.pt
Batch 1178 of chunk 1 uploaded to S3: embeddings/embeddings_chunk_1.pt
Batch 1179 of chunk 1 uploaded to S3: embeddings/embeddings_chunk_1.pt
Batch 1180 of chunk 1 uploaded to S3: embeddings/embeddings_chunk_1.pt
Batch 1181 of chunk 1 uploaded to S3: embeddings/embeddings_chunk_1.pt
Batch 1182 of chunk 1 uploaded to S3: embeddings/embeddings_chunk_1.pt
Batch 1183 of chunk 1 uploaded to S3: embeddings/embeddings_chunk_1.pt
Batch 1184 of chunk 1 uploaded to S3: embeddings/embeddings_chunk_1.pt
Batch 1185 of chunk 1 uploaded to S3: embeddings/embeddings_chunk_1.pt
Batch 1186 of chunk 1 uploaded to S3: embeddings/embeddings_chunk_1.pt
Batch 1187 of chunk 1 uploaded to S3: embeddings/embeddings_chunk_1.pt
Batch 1188 of chunk 1 uploaded to S3: embeddings/embeddings_chunk_1.pt
Batch 1189 of chunk 1 uploaded to S3: embeddings/embeddings_chunk_1.pt
Batch 1190 of chunk 1 uploaded to S3: embeddings/embeddings_chunk_1.pt
Batch 1191 of chunk 1 uploaded to S3: embeddings/embeddings_chunk_1.pt
Batch 1192 of chunk 1 uploaded to S3: embeddings/embeddings_chunk_1.pt
Batch 1193 of chunk 1 uploaded to S3: embeddings/embeddings_chunk_1.pt
Batch 1194 of chunk 1 uploaded to S3: embeddings/embeddings_chunk_1.pt
Batch 1195 of chunk 1 uploaded to S3: embeddings/embeddings_chunk_1.pt
Batch 1196 of chunk 1 uploaded to S3: embeddings/embeddings_chunk_1.pt
Batch 1197 of chunk 1 uploaded to S3: embeddings/embeddings_chunk_1.pt
Batch 1198 of chunk 1 uploaded to S3: embeddings/embeddings_chunk_1.pt
Batch 1199 of chunk 1 uploaded to S3: embeddings/embeddings_chunk_1.pt
Batch 1200 of chunk 1 uploaded to S3: embeddings/embeddings_chunk_1.pt
Batch 1201 of chunk 1 uploaded to S3: embeddings/embeddings_chunk_1.pt
Batch 1202 of chunk 1 uploaded to S3: embeddings/embeddings_chunk_1.pt
Batch 1203 of chunk 1 uploaded to S3: embeddings/embeddings_chunk_1.pt
Batch 1204 of chunk 1 uploaded to S3: embeddings/embeddings_chunk_1.pt
Batch 1205 of chunk 1 uploaded to S3: embeddings/embeddings_chunk_1.pt
Batch 1206 of chunk 1 uploaded to S3: embeddings/embeddings_chunk_1.pt
Batch 1207 of chunk 1 uploaded to S3: embeddings/embeddings_chunk_1.pt
Batch 1208 of chunk 1 uploaded to S3: embeddings/embeddings_chunk_1.pt
Batch 1209 of chunk 1 uploaded to S3: embeddings/embeddings_chunk_1.pt
Batch 1210 of chunk 1 uploaded to S3: embeddings/embeddings_chunk_1.pt
Batch 1211 of chunk 1 uploaded to S3: embeddings/embeddings_chunk_1.pt
Batch 1212 of chunk 1 uploaded to S3: embeddings/embeddings_chunk_1.pt
Batch 1213 of chunk 1 uploaded to S3: embeddings/embeddings_chunk_1.pt
Batch 1214 of chunk 1 uploaded to S3: embeddings/embeddings_chunk_1.pt
Batch 1215 of chunk 1 uploaded to S3: embeddings/embeddings_chunk_1.pt
Batch 1216 of chunk 1 uploaded to S3: embeddings/embeddings_chunk_1.pt
Batch 1217 of chunk 1 uploaded to S3: embeddings/embeddings_chunk_1.pt
Batch 1218 of chunk 1 uploaded to S3: embeddings/embeddings_chunk_1.pt
Batch 1219 of chunk 1 uploaded to S3: embeddings/embeddings_chunk_1.pt
Batch 1220 of chunk 1 uploaded to S3: embeddings/embeddings_chunk_1.pt
Batch 1221 of chunk 1 uploaded to S3: embeddings/embeddings_chunk_1.pt
Batch 1222 of chunk 1 uploaded to S3: embeddings/embeddings_chunk_1.pt
Batch 1223 of chunk 1 uploaded to S3: embeddings/embeddings_chunk_1.pt
Batch 1224 of chunk 1 uploaded to S3: embeddings/embeddings_chunk_1.pt
Batch 1225 of chunk 1 uploaded to S3: embeddings/embeddings_chunk_1.pt
Batch 1226 of chunk 1 uploaded to S3: embeddings/embeddings_chunk_1.pt
Batch 1227 of chunk 1 uploaded to S3: embeddings/embeddings_chunk_1.pt
Batch 1228 of chunk 1 uploaded to S3: embeddings/embeddings_chunk_1.pt
Batch 1229 of chunk 1 uploaded to S3: embeddings/embeddings_chunk_1.pt
Batch 1230 of chunk 1 uploaded to S3: embeddings/embeddings_chunk_1.pt
Batch 1231 of chunk 1 uploaded to S3: embeddings/embeddings_chunk_1.pt
Batch 1232 of chunk 1 uploaded to S3: embeddings/embeddings_chunk_1.pt
Batch 1233 of chunk 1 uploaded to S3: embeddings/embeddings_chunk_1.pt
Batch 1234 of chunk 1 uploaded to S3: embeddings/embeddings_chunk_1.pt
Batch 1235 of chunk 1 uploaded to S3: embeddings/embeddings_chunk_1.pt
Batch 1236 of chunk 1 uploaded to S3: embeddings/embeddings_chunk_1.pt
Batch 1237 of chunk 1 uploaded to S3: embeddings/embeddings_chunk_1.pt
Batch 1238 of chunk 1 uploaded to S3: embeddings/embeddings_chunk_1.pt
Batch 1239 of chunk 1 uploaded to S3: embeddings/embeddings_chunk_1.pt
Batch 1240 of chunk 1 uploaded to S3: embeddings/embeddings_chunk_1.pt
Batch 1241 of chunk 1 uploaded to S3: embeddings/embeddings_chunk_1.pt
Batch 1242 of chunk 1 uploaded to S3: embeddings/embeddings_chunk_1.pt
Batch 1243 of chunk 1 uploaded to S3: embeddings/embeddings_chunk_1.pt
Batch 1244 of chunk 1 uploaded to S3: embeddings/embeddings_chunk_1.pt
Batch 1245 of chunk 1 uploaded to S3: embeddings/embeddings_chunk_1.pt
Batch 1246 of chunk 1 uploaded to S3: embeddings/embeddings_chunk_1.pt
Batch 1247 of chunk 1 uploaded to S3: embeddings/embeddings_chunk_1.pt
Batch 1248 of chunk 1 uploaded to S3: embeddings/embeddings_chunk_1.pt
Batch 1249 of chunk 1 uploaded to S3: embeddings/embeddings_chunk_1.pt
Batch 1250 of chunk 1 uploaded to S3: embeddings/embeddings_chunk_1.pt
Batch 1251 of chunk 1 uploaded to S3: embeddings/embeddings_chunk_1.pt
Batch 1252 of chunk 1 uploaded to S3: embeddings/embeddings_chunk_1.pt
Batch 1253 of chunk 1 uploaded to S3: embeddings/embeddings_chunk_1.pt
Batch 1254 of chunk 1 uploaded to S3: embeddings/embeddings_chunk_1.pt
Batch 1255 of chunk 1 uploaded to S3: embeddings/embeddings_chunk_1.pt
Batch 1256 of chunk 1 uploaded to S3: embeddings/embeddings_chunk_1.pt
Batch 1257 of chunk 1 uploaded to S3: embeddings/embeddings_chunk_1.pt
Batch 1258 of chunk 1 uploaded to S3: embeddings/embeddings_chunk_1.pt
Batch 1259 of chunk 1 uploaded to S3: embeddings/embeddings_chunk_1.pt
Batch 1260 of chunk 1 uploaded to S3: embeddings/embeddings_chunk_1.pt
Batch 1261 of chunk 1 uploaded to S3: embeddings/embeddings_chunk_1.pt
Batch 1262 of chunk 1 uploaded to S3: embeddings/embeddings_chunk_1.pt
Batch 1263 of chunk 1 uploaded to S3: embeddings/embeddings_chunk_1.pt
Batch 1264 of chunk 1 uploaded to S3: embeddings/embeddings_chunk_1.pt
Batch 1265 of chunk 1 uploaded to S3: embeddings/embeddings_chunk_1.pt
Batch 1266 of chunk 1 uploaded to S3: embeddings/embeddings_chunk_1.pt
Batch 1267 of chunk 1 uploaded to S3: embeddings/embeddings_chunk_1.pt
Batch 1268 of chunk 1 uploaded to S3: embeddings/embeddings_chunk_1.pt
Batch 1269 of chunk 1 uploaded to S3: embeddings/embeddings_chunk_1.pt
Batch 1270 of chunk 1 uploaded to S3: embeddings/embeddings_chunk_1.pt
Batch 1271 of chunk 1 uploaded to S3: embeddings/embeddings_chunk_1.pt
Batch 1272 of chunk 1 uploaded to S3: embeddings/embeddings_chunk_1.pt
Batch 1273 of chunk 1 uploaded to S3: embeddings/embeddings_chunk_1.pt
Batch 1274 of chunk 1 uploaded to S3: embeddings/embeddings_chunk_1.pt
Batch 1275 of chunk 1 uploaded to S3: embeddings/embeddings_chunk_1.pt
Batch 1276 of chunk 1 uploaded to S3: embeddings/embeddings_chunk_1.pt
Batch 1277 of chunk 1 uploaded to S3: embeddings/embeddings_chunk_1.pt
Batch 1278 of chunk 1 uploaded to S3: embeddings/embeddings_chunk_1.pt
Batch 1279 of chunk 1 uploaded to S3: embeddings/embeddings_chunk_1.pt
Batch 1280 of chunk 1 uploaded to S3: embeddings/embeddings_chunk_1.pt
Batch 1281 of chunk 1 uploaded to S3: embeddings/embeddings_chunk_1.pt
Batch 1282 of chunk 1 uploaded to S3: embeddings/embeddings_chunk_1.pt
Batch 1283 of chunk 1 uploaded to S3: embeddings/embeddings_chunk_1.pt
Batch 1284 of chunk 1 uploaded to S3: embeddings/embeddings_chunk_1.pt
Batch 1285 of chunk 1 uploaded to S3: embeddings/embeddings_chunk_1.pt
Batch 1286 of chunk 1 uploaded to S3: embeddings/embeddings_chunk_1.pt
Batch 1287 of chunk 1 uploaded to S3: embeddings/embeddings_chunk_1.pt
Batch 1288 of chunk 1 uploaded to S3: embeddings/embeddings_chunk_1.pt
Batch 1289 of chunk 1 uploaded to S3: embeddings/embeddings_chunk_1.pt
Batch 1290 of chunk 1 uploaded to S3: embeddings/embeddings_chunk_1.pt
Batch 1291 of chunk 1 uploaded to S3: embeddings/embeddings_chunk_1.pt
Batch 1292 of chunk 1 uploaded to S3: embeddings/embeddings_chunk_1.pt
Batch 1293 of chunk 1 uploaded to S3: embeddings/embeddings_chunk_1.pt
Batch 1294 of chunk 1 uploaded to S3: embeddings/embeddings_chunk_1.pt
Batch 1295 of chunk 1 uploaded to S3: embeddings/embeddings_chunk_1.pt
Batch 1296 of chunk 1 uploaded to S3: embeddings/embeddings_chunk_1.pt
Batch 1297 of chunk 1 uploaded to S3: embeddings/embeddings_chunk_1.pt
Batch 1298 of chunk 1 uploaded to S3: embeddings/embeddings_chunk_1.pt
Batch 1299 of chunk 1 uploaded to S3: embeddings/embeddings_chunk_1.pt
Batch 1300 of chunk 1 uploaded to S3: embeddings/embeddings_chunk_1.pt
Batch 1301 of chunk 1 uploaded to S3: embeddings/embeddings_chunk_1.pt
Batch 1302 of chunk 1 uploaded to S3: embeddings/embeddings_chunk_1.pt
Batch 1303 of chunk 1 uploaded to S3: embeddings/embeddings_chunk_1.pt
Batch 1304 of chunk 1 uploaded to S3: embeddings/embeddings_chunk_1.pt
Batch 1305 of chunk 1 uploaded to S3: embeddings/embeddings_chunk_1.pt
Batch 1306 of chunk 1 uploaded to S3: embeddings/embeddings_chunk_1.pt
Batch 1307 of chunk 1 uploaded to S3: embeddings/embeddings_chunk_1.pt
Batch 1308 of chunk 1 uploaded to S3: embeddings/embeddings_chunk_1.pt
Batch 1309 of chunk 1 uploaded to S3: embeddings/embeddings_chunk_1.pt
Batch 1310 of chunk 1 uploaded to S3: embeddings/embeddings_chunk_1.pt
Batch 1311 of chunk 1 uploaded to S3: embeddings/embeddings_chunk_1.pt
Batch 1312 of chunk 1 uploaded to S3: embeddings/embeddings_chunk_1.pt
Batch 1313 of chunk 1 uploaded to S3: embeddings/embeddings_chunk_1.pt
Batch 1314 of chunk 1 uploaded to S3: embeddings/embeddings_chunk_1.pt
Batch 1315 of chunk 1 uploaded to S3: embeddings/embeddings_chunk_1.pt
Batch 1316 of chunk 1 uploaded to S3: embeddings/embeddings_chunk_1.pt
Batch 1317 of chunk 1 uploaded to S3: embeddings/embeddings_chunk_1.pt
Batch 1318 of chunk 1 uploaded to S3: embeddings/embeddings_chunk_1.pt
Batch 1319 of chunk 1 uploaded to S3: embeddings/embeddings_chunk_1.pt
Batch 1320 of chunk 1 uploaded to S3: embeddings/embeddings_chunk_1.pt
Batch 1321 of chunk 1 uploaded to S3: embeddings/embeddings_chunk_1.pt
Batch 1322 of chunk 1 uploaded to S3: embeddings/embeddings_chunk_1.pt
Batch 1323 of chunk 1 uploaded to S3: embeddings/embeddings_chunk_1.pt
Batch 1324 of chunk 1 uploaded to S3: embeddings/embeddings_chunk_1.pt
Batch 1325 of chunk 1 uploaded to S3: embeddings/embeddings_chunk_1.pt
Batch 1326 of chunk 1 uploaded to S3: embeddings/embeddings_chunk_1.pt
Batch 1327 of chunk 1 uploaded to S3: embeddings/embeddings_chunk_1.pt
Batch 1328 of chunk 1 uploaded to S3: embeddings/embeddings_chunk_1.pt
Batch 1329 of chunk 1 uploaded to S3: embeddings/embeddings_chunk_1.pt
Batch 1330 of chunk 1 uploaded to S3: embeddings/embeddings_chunk_1.pt
Batch 1331 of chunk 1 uploaded to S3: embeddings/embeddings_chunk_1.pt
Batch 1332 of chunk 1 uploaded to S3: embeddings/embeddings_chunk_1.pt
Batch 1333 of chunk 1 uploaded to S3: embeddings/embeddings_chunk_1.pt
Batch 1334 of chunk 1 uploaded to S3: embeddings/embeddings_chunk_1.pt
Batch 1335 of chunk 1 uploaded to S3: embeddings/embeddings_chunk_1.pt
Batch 1336 of chunk 1 uploaded to S3: embeddings/embeddings_chunk_1.pt
Batch 1337 of chunk 1 uploaded to S3: embeddings/embeddings_chunk_1.pt
Batch 1338 of chunk 1 uploaded to S3: embeddings/embeddings_chunk_1.pt
Batch 1339 of chunk 1 uploaded to S3: embeddings/embeddings_chunk_1.pt
Batch 1340 of chunk 1 uploaded to S3: embeddings/embeddings_chunk_1.pt
Batch 1341 of chunk 1 uploaded to S3: embeddings/embeddings_chunk_1.pt
Batch 1342 of chunk 1 uploaded to S3: embeddings/embeddings_chunk_1.pt
Batch 1343 of chunk 1 uploaded to S3: embeddings/embeddings_chunk_1.pt
Batch 1344 of chunk 1 uploaded to S3: embeddings/embeddings_chunk_1.pt
Batch 1345 of chunk 1 uploaded to S3: embeddings/embeddings_chunk_1.pt
Batch 1346 of chunk 1 uploaded to S3: embeddings/embeddings_chunk_1.pt
Batch 1347 of chunk 1 uploaded to S3: embeddings/embeddings_chunk_1.pt
Batch 1348 of chunk 1 uploaded to S3: embeddings/embeddings_chunk_1.pt
Batch 1349 of chunk 1 uploaded to S3: embeddings/embeddings_chunk_1.pt
Batch 1350 of chunk 1 uploaded to S3: embeddings/embeddings_chunk_1.pt
Batch 1351 of chunk 1 uploaded to S3: embeddings/embeddings_chunk_1.pt
Batch 1352 of chunk 1 uploaded to S3: embeddings/embeddings_chunk_1.pt
Batch 1353 of chunk 1 uploaded to S3: embeddings/embeddings_chunk_1.pt
Batch 1354 of chunk 1 uploaded to S3: embeddings/embeddings_chunk_1.pt
Batch 1355 of chunk 1 uploaded to S3: embeddings/embeddings_chunk_1.pt
Batch 1356 of chunk 1 uploaded to S3: embeddings/embeddings_chunk_1.pt
Batch 1357 of chunk 1 uploaded to S3: embeddings/embeddings_chunk_1.pt
Batch 1358 of chunk 1 uploaded to S3: embeddings/embeddings_chunk_1.pt
Batch 1359 of chunk 1 uploaded to S3: embeddings/embeddings_chunk_1.pt
Batch 1360 of chunk 1 uploaded to S3: embeddings/embeddings_chunk_1.pt
Batch 1361 of chunk 1 uploaded to S3: embeddings/embeddings_chunk_1.pt
Batch 1362 of chunk 1 uploaded to S3: embeddings/embeddings_chunk_1.pt
Batch 1363 of chunk 1 uploaded to S3: embeddings/embeddings_chunk_1.pt
Batch 1364 of chunk 1 uploaded to S3: embeddings/embeddings_chunk_1.pt
Batch 1365 of chunk 1 uploaded to S3: embeddings/embeddings_chunk_1.pt
Batch 1366 of chunk 1 uploaded to S3: embeddings/embeddings_chunk_1.pt
Batch 1367 of chunk 1 uploaded to S3: embeddings/embeddings_chunk_1.pt
Batch 1368 of chunk 1 uploaded to S3: embeddings/embeddings_chunk_1.pt
Batch 1369 of chunk 1 uploaded to S3: embeddings/embeddings_chunk_1.pt
Batch 1370 of chunk 1 uploaded to S3: embeddings/embeddings_chunk_1.pt
Batch 1371 of chunk 1 uploaded to S3: embeddings/embeddings_chunk_1.pt
Batch 1372 of chunk 1 uploaded to S3: embeddings/embeddings_chunk_1.pt
Batch 1373 of chunk 1 uploaded to S3: embeddings/embeddings_chunk_1.pt
Batch 1374 of chunk 1 uploaded to S3: embeddings/embeddings_chunk_1.pt
Batch 1375 of chunk 1 uploaded to S3: embeddings/embeddings_chunk_1.pt
Batch 1376 of chunk 1 uploaded to S3: embeddings/embeddings_chunk_1.pt
Batch 1377 of chunk 1 uploaded to S3: embeddings/embeddings_chunk_1.pt
Batch 1378 of chunk 1 uploaded to S3: embeddings/embeddings_chunk_1.pt
Batch 1379 of chunk 1 uploaded to S3: embeddings/embeddings_chunk_1.pt
Batch 1380 of chunk 1 uploaded to S3: embeddings/embeddings_chunk_1.pt
Batch 1381 of chunk 1 uploaded to S3: embeddings/embeddings_chunk_1.pt
Batch 1382 of chunk 1 uploaded to S3: embeddings/embeddings_chunk_1.pt
Batch 1383 of chunk 1 uploaded to S3: embeddings/embeddings_chunk_1.pt
Batch 1384 of chunk 1 uploaded to S3: embeddings/embeddings_chunk_1.pt
Batch 1385 of chunk 1 uploaded to S3: embeddings/embeddings_chunk_1.pt
Batch 1386 of chunk 1 uploaded to S3: embeddings/embeddings_chunk_1.pt
Batch 1387 of chunk 1 uploaded to S3: embeddings/embeddings_chunk_1.pt
Batch 1388 of chunk 1 uploaded to S3: embeddings/embeddings_chunk_1.pt
Batch 1389 of chunk 1 uploaded to S3: embeddings/embeddings_chunk_1.pt
Batch 1390 of chunk 1 uploaded to S3: embeddings/embeddings_chunk_1.pt
Batch 1391 of chunk 1 uploaded to S3: embeddings/embeddings_chunk_1.pt
Batch 1392 of chunk 1 uploaded to S3: embeddings/embeddings_chunk_1.pt
Batch 1393 of chunk 1 uploaded to S3: embeddings/embeddings_chunk_1.pt
Batch 1394 of chunk 1 uploaded to S3: embeddings/embeddings_chunk_1.pt
Batch 1395 of chunk 1 uploaded to S3: embeddings/embeddings_chunk_1.pt
Batch 1396 of chunk 1 uploaded to S3: embeddings/embeddings_chunk_1.pt
Batch 1397 of chunk 1 uploaded to S3: embeddings/embeddings_chunk_1.pt
Batch 1398 of chunk 1 uploaded to S3: embeddings/embeddings_chunk_1.pt
Batch 1399 of chunk 1 uploaded to S3: embeddings/embeddings_chunk_1.pt
Batch 1400 of chunk 1 uploaded to S3: embeddings/embeddings_chunk_1.pt
Batch 1401 of chunk 1 uploaded to S3: embeddings/embeddings_chunk_1.pt
Batch 1402 of chunk 1 uploaded to S3: embeddings/embeddings_chunk_1.pt
Batch 1403 of chunk 1 uploaded to S3: embeddings/embeddings_chunk_1.pt
Batch 1404 of chunk 1 uploaded to S3: embeddings/embeddings_chunk_1.pt
Batch 1405 of chunk 1 uploaded to S3: embeddings/embeddings_chunk_1.pt
Batch 1406 of chunk 1 uploaded to S3: embeddings/embeddings_chunk_1.pt
Batch 1407 of chunk 1 uploaded to S3: embeddings/embeddings_chunk_1.pt
Batch 1408 of chunk 1 uploaded to S3: embeddings/embeddings_chunk_1.pt
Batch 1409 of chunk 1 uploaded to S3: embeddings/embeddings_chunk_1.pt
Batch 1410 of chunk 1 uploaded to S3: embeddings/embeddings_chunk_1.pt
Batch 1411 of chunk 1 uploaded to S3: embeddings/embeddings_chunk_1.pt
Batch 1412 of chunk 1 uploaded to S3: embeddings/embeddings_chunk_1.pt
Batch 1413 of chunk 1 uploaded to S3: embeddings/embeddings_chunk_1.pt
Batch 1414 of chunk 1 uploaded to S3: embeddings/embeddings_chunk_1.pt
Batch 1415 of chunk 1 uploaded to S3: embeddings/embeddings_chunk_1.pt
Batch 1416 of chunk 1 uploaded to S3: embeddings/embeddings_chunk_1.pt
Batch 1417 of chunk 1 uploaded to S3: embeddings/embeddings_chunk_1.pt
Batch 1418 of chunk 1 uploaded to S3: embeddings/embeddings_chunk_1.pt
Batch 1419 of chunk 1 uploaded to S3: embeddings/embeddings_chunk_1.pt
Batch 1420 of chunk 1 uploaded to S3: embeddings/embeddings_chunk_1.pt
Batch 1421 of chunk 1 uploaded to S3: embeddings/embeddings_chunk_1.pt
Batch 1422 of chunk 1 uploaded to S3: embeddings/embeddings_chunk_1.pt
Batch 1423 of chunk 1 uploaded to S3: embeddings/embeddings_chunk_1.pt
Batch 1424 of chunk 1 uploaded to S3: embeddings/embeddings_chunk_1.pt
Batch 1425 of chunk 1 uploaded to S3: embeddings/embeddings_chunk_1.pt
Batch 1426 of chunk 1 uploaded to S3: embeddings/embeddings_chunk_1.pt
Batch 1427 of chunk 1 uploaded to S3: embeddings/embeddings_chunk_1.pt
Batch 1428 of chunk 1 uploaded to S3: embeddings/embeddings_chunk_1.pt
Batch 1429 of chunk 1 uploaded to S3: embeddings/embeddings_chunk_1.pt
Batch 1430 of chunk 1 uploaded to S3: embeddings/embeddings_chunk_1.pt
Batch 1431 of chunk 1 uploaded to S3: embeddings/embeddings_chunk_1.pt
Batch 1432 of chunk 1 uploaded to S3: embeddings/embeddings_chunk_1.pt
Batch 1433 of chunk 1 uploaded to S3: embeddings/embeddings_chunk_1.pt
Batch 1434 of chunk 1 uploaded to S3: embeddings/embeddings_chunk_1.pt
Batch 1435 of chunk 1 uploaded to S3: embeddings/embeddings_chunk_1.pt
Batch 1436 of chunk 1 uploaded to S3: embeddings/embeddings_chunk_1.pt
Batch 1437 of chunk 1 uploaded to S3: embeddings/embeddings_chunk_1.pt
Batch 1438 of chunk 1 uploaded to S3: embeddings/embeddings_chunk_1.pt
Batch 1439 of chunk 1 uploaded to S3: embeddings/embeddings_chunk_1.pt
Batch 1440 of chunk 1 uploaded to S3: embeddings/embeddings_chunk_1.pt
Batch 1441 of chunk 1 uploaded to S3: embeddings/embeddings_chunk_1.pt
Batch 1442 of chunk 1 uploaded to S3: embeddings/embeddings_chunk_1.pt
Batch 1443 of chunk 1 uploaded to S3: embeddings/embeddings_chunk_1.pt
Batch 1444 of chunk 1 uploaded to S3: embeddings/embeddings_chunk_1.pt
Batch 1445 of chunk 1 uploaded to S3: embeddings/embeddings_chunk_1.pt
Batch 1446 of chunk 1 uploaded to S3: embeddings/embeddings_chunk_1.pt
Batch 1447 of chunk 1 uploaded to S3: embeddings/embeddings_chunk_1.pt
Batch 1448 of chunk 1 uploaded to S3: embeddings/embeddings_chunk_1.pt
Batch 1449 of chunk 1 uploaded to S3: embeddings/embeddings_chunk_1.pt
Batch 1450 of chunk 1 uploaded to S3: embeddings/embeddings_chunk_1.pt
Batch 1451 of chunk 1 uploaded to S3: embeddings/embeddings_chunk_1.pt
Batch 1452 of chunk 1 uploaded to S3: embeddings/embeddings_chunk_1.pt
Batch 1453 of chunk 1 uploaded to S3: embeddings/embeddings_chunk_1.pt
Batch 1454 of chunk 1 uploaded to S3: embeddings/embeddings_chunk_1.pt
Batch 1455 of chunk 1 uploaded to S3: embeddings/embeddings_chunk_1.pt
Batch 1456 of chunk 1 uploaded to S3: embeddings/embeddings_chunk_1.pt
Batch 1457 of chunk 1 uploaded to S3: embeddings/embeddings_chunk_1.pt
Batch 1458 of chunk 1 uploaded to S3: embeddings/embeddings_chunk_1.pt
Batch 1459 of chunk 1 uploaded to S3: embeddings/embeddings_chunk_1.pt
Batch 1460 of chunk 1 uploaded to S3: embeddings/embeddings_chunk_1.pt
Batch 1461 of chunk 1 uploaded to S3: embeddings/embeddings_chunk_1.pt
Batch 1462 of chunk 1 uploaded to S3: embeddings/embeddings_chunk_1.pt
Batch 1463 of chunk 1 uploaded to S3: embeddings/embeddings_chunk_1.pt
Batch 1464 of chunk 1 uploaded to S3: embeddings/embeddings_chunk_1.pt
Batch 1465 of chunk 1 uploaded to S3: embeddings/embeddings_chunk_1.pt
Batch 1466 of chunk 1 uploaded to S3: embeddings/embeddings_chunk_1.pt
Batch 1467 of chunk 1 uploaded to S3: embeddings/embeddings_chunk_1.pt
Batch 1468 of chunk 1 uploaded to S3: embeddings/embeddings_chunk_1.pt
Batch 1469 of chunk 1 uploaded to S3: embeddings/embeddings_chunk_1.pt
Batch 1470 of chunk 1 uploaded to S3: embeddings/embeddings_chunk_1.pt
Batch 1471 of chunk 1 uploaded to S3: embeddings/embeddings_chunk_1.pt
Batch 1472 of chunk 1 uploaded to S3: embeddings/embeddings_chunk_1.pt
Batch 1473 of chunk 1 uploaded to S3: embeddings/embeddings_chunk_1.pt
Batch 1474 of chunk 1 uploaded to S3: embeddings/embeddings_chunk_1.pt
Batch 1475 of chunk 1 uploaded to S3: embeddings/embeddings_chunk_1.pt
Batch 1476 of chunk 1 uploaded to S3: embeddings/embeddings_chunk_1.pt
Batch 1477 of chunk 1 uploaded to S3: embeddings/embeddings_chunk_1.pt
Batch 1478 of chunk 1 uploaded to S3: embeddings/embeddings_chunk_1.pt
Batch 1479 of chunk 1 uploaded to S3: embeddings/embeddings_chunk_1.pt
Batch 1480 of chunk 1 uploaded to S3: embeddings/embeddings_chunk_1.pt
Batch 1481 of chunk 1 uploaded to S3: embeddings/embeddings_chunk_1.pt
Batch 1482 of chunk 1 uploaded to S3: embeddings/embeddings_chunk_1.pt
Batch 1483 of chunk 1 uploaded to S3: embeddings/embeddings_chunk_1.pt
Batch 1484 of chunk 1 uploaded to S3: embeddings/embeddings_chunk_1.pt
Batch 1485 of chunk 1 uploaded to S3: embeddings/embeddings_chunk_1.pt
Batch 1486 of chunk 1 uploaded to S3: embeddings/embeddings_chunk_1.pt
Batch 1487 of chunk 1 uploaded to S3: embeddings/embeddings_chunk_1.pt
Batch 1488 of chunk 1 uploaded to S3: embeddings/embeddings_chunk_1.pt
Batch 1489 of chunk 1 uploaded to S3: embeddings/embeddings_chunk_1.pt
Batch 1490 of chunk 1 uploaded to S3: embeddings/embeddings_chunk_1.pt
Batch 1491 of chunk 1 uploaded to S3: embeddings/embeddings_chunk_1.pt
Batch 1492 of chunk 1 uploaded to S3: embeddings/embeddings_chunk_1.pt
Batch 1493 of chunk 1 uploaded to S3: embeddings/embeddings_chunk_1.pt
Batch 1494 of chunk 1 uploaded to S3: embeddings/embeddings_chunk_1.pt
Batch 1495 of chunk 1 uploaded to S3: embeddings/embeddings_chunk_1.pt
Batch 1496 of chunk 1 uploaded to S3: embeddings/embeddings_chunk_1.pt
Batch 1497 of chunk 1 uploaded to S3: embeddings/embeddings_chunk_1.pt
Batch 1498 of chunk 1 uploaded to S3: embeddings/embeddings_chunk_1.pt
Batch 1499 of chunk 1 uploaded to S3: embeddings/embeddings_chunk_1.pt
Batch 1500 of chunk 1 uploaded to S3: embeddings/embeddings_chunk_1.pt
Batch 1501 of chunk 1 uploaded to S3: embeddings/embeddings_chunk_1.pt
Batch 1502 of chunk 1 uploaded to S3: embeddings/embeddings_chunk_1.pt
Batch 1503 of chunk 1 uploaded to S3: embeddings/embeddings_chunk_1.pt
Batch 1504 of chunk 1 uploaded to S3: embeddings/embeddings_chunk_1.pt
Batch 1505 of chunk 1 uploaded to S3: embeddings/embeddings_chunk_1.pt
Batch 1506 of chunk 1 uploaded to S3: embeddings/embeddings_chunk_1.pt
Batch 1507 of chunk 1 uploaded to S3: embeddings/embeddings_chunk_1.pt
Batch 1508 of chunk 1 uploaded to S3: embeddings/embeddings_chunk_1.pt
Batch 1509 of chunk 1 uploaded to S3: embeddings/embeddings_chunk_1.pt
Batch 1510 of chunk 1 uploaded to S3: embeddings/embeddings_chunk_1.pt
Batch 1511 of chunk 1 uploaded to S3: embeddings/embeddings_chunk_1.pt
Batch 1512 of chunk 1 uploaded to S3: embeddings/embeddings_chunk_1.pt
Batch 1513 of chunk 1 uploaded to S3: embeddings/embeddings_chunk_1.pt
Batch 1514 of chunk 1 uploaded to S3: embeddings/embeddings_chunk_1.pt
Batch 1515 of chunk 1 uploaded to S3: embeddings/embeddings_chunk_1.pt
Batch 1516 of chunk 1 uploaded to S3: embeddings/embeddings_chunk_1.pt
Batch 1517 of chunk 1 uploaded to S3: embeddings/embeddings_chunk_1.pt
Batch 1518 of chunk 1 uploaded to S3: embeddings/embeddings_chunk_1.pt
Batch 1519 of chunk 1 uploaded to S3: embeddings/embeddings_chunk_1.pt
Batch 1520 of chunk 1 uploaded to S3: embeddings/embeddings_chunk_1.pt
Batch 1521 of chunk 1 uploaded to S3: embeddings/embeddings_chunk_1.pt
Batch 1522 of chunk 1 uploaded to S3: embeddings/embeddings_chunk_1.pt
Batch 1523 of chunk 1 uploaded to S3: embeddings/embeddings_chunk_1.pt
Batch 1524 of chunk 1 uploaded to S3: embeddings/embeddings_chunk_1.pt
Batch 1525 of chunk 1 uploaded to S3: embeddings/embeddings_chunk_1.pt
Batch 1526 of chunk 1 uploaded to S3: embeddings/embeddings_chunk_1.pt
Batch 1527 of chunk 1 uploaded to S3: embeddings/embeddings_chunk_1.pt
Batch 1528 of chunk 1 uploaded to S3: embeddings/embeddings_chunk_1.pt
Batch 1529 of chunk 1 uploaded to S3: embeddings/embeddings_chunk_1.pt
Batch 1530 of chunk 1 uploaded to S3: embeddings/embeddings_chunk_1.pt
Batch 1531 of chunk 1 uploaded to S3: embeddings/embeddings_chunk_1.pt
Batch 1532 of chunk 1 uploaded to S3: embeddings/embeddings_chunk_1.pt
Batch 1533 of chunk 1 uploaded to S3: embeddings/embeddings_chunk_1.pt
Batch 1534 of chunk 1 uploaded to S3: embeddings/embeddings_chunk_1.pt
Batch 1535 of chunk 1 uploaded to S3: embeddings/embeddings_chunk_1.pt
Batch 1536 of chunk 1 uploaded to S3: embeddings/embeddings_chunk_1.pt
Batch 1537 of chunk 1 uploaded to S3: embeddings/embeddings_chunk_1.pt
Batch 1538 of chunk 1 uploaded to S3: embeddings/embeddings_chunk_1.pt
Batch 1539 of chunk 1 uploaded to S3: embeddings/embeddings_chunk_1.pt
Batch 1540 of chunk 1 uploaded to S3: embeddings/embeddings_chunk_1.pt
Batch 1541 of chunk 1 uploaded to S3: embeddings/embeddings_chunk_1.pt
Batch 1542 of chunk 1 uploaded to S3: embeddings/embeddings_chunk_1.pt
Batch 1543 of chunk 1 uploaded to S3: embeddings/embeddings_chunk_1.pt
Batch 1544 of chunk 1 uploaded to S3: embeddings/embeddings_chunk_1.pt
Batch 1545 of chunk 1 uploaded to S3: embeddings/embeddings_chunk_1.pt
Batch 1546 of chunk 1 uploaded to S3: embeddings/embeddings_chunk_1.pt
Batch 1547 of chunk 1 uploaded to S3: embeddings/embeddings_chunk_1.pt
Batch 1548 of chunk 1 uploaded to S3: embeddings/embeddings_chunk_1.pt
Batch 1549 of chunk 1 uploaded to S3: embeddings/embeddings_chunk_1.pt
Batch 1550 of chunk 1 uploaded to S3: embeddings/embeddings_chunk_1.pt
Batch 1551 of chunk 1 uploaded to S3: embeddings/embeddings_chunk_1.pt
Batch 1552 of chunk 1 uploaded to S3: embeddings/embeddings_chunk_1.pt
Batch 1553 of chunk 1 uploaded to S3: embeddings/embeddings_chunk_1.pt
Batch 1554 of chunk 1 uploaded to S3: embeddings/embeddings_chunk_1.pt
Batch 1555 of chunk 1 uploaded to S3: embeddings/embeddings_chunk_1.pt
Batch 1556 of chunk 1 uploaded to S3: embeddings/embeddings_chunk_1.pt
Batch 1557 of chunk 1 uploaded to S3: embeddings/embeddings_chunk_1.pt
Batch 1558 of chunk 1 uploaded to S3: embeddings/embeddings_chunk_1.pt
Batch 1559 of chunk 1 uploaded to S3: embeddings/embeddings_chunk_1.pt
Batch 1560 of chunk 1 uploaded to S3: embeddings/embeddings_chunk_1.pt
Batch 1561 of chunk 1 uploaded to S3: embeddings/embeddings_chunk_1.pt
Batch 1562 of chunk 1 uploaded to S3: embeddings/embeddings_chunk_1.pt
Batch 1563 of chunk 1 uploaded to S3: embeddings/embeddings_chunk_1.pt
Batch 1564 of chunk 1 uploaded to S3: embeddings/embeddings_chunk_1.pt
Batch 1565 of chunk 1 uploaded to S3: embeddings/embeddings_chunk_1.pt
Batch 1566 of chunk 1 uploaded to S3: embeddings/embeddings_chunk_1.pt
Batch 1567 of chunk 1 uploaded to S3: embeddings/embeddings_chunk_1.pt
Batch 1568 of chunk 1 uploaded to S3: embeddings/embeddings_chunk_1.pt
Batch 1569 of chunk 1 uploaded to S3: embeddings/embeddings_chunk_1.pt
Batch 1570 of chunk 1 uploaded to S3: embeddings/embeddings_chunk_1.pt
Batch 1571 of chunk 1 uploaded to S3: embeddings/embeddings_chunk_1.pt
Batch 1572 of chunk 1 uploaded to S3: embeddings/embeddings_chunk_1.pt
Batch 1573 of chunk 1 uploaded to S3: embeddings/embeddings_chunk_1.pt
Batch 1574 of chunk 1 uploaded to S3: embeddings/embeddings_chunk_1.pt
Batch 1575 of chunk 1 uploaded to S3: embeddings/embeddings_chunk_1.pt
Batch 1576 of chunk 1 uploaded to S3: embeddings/embeddings_chunk_1.pt
Batch 1577 of chunk 1 uploaded to S3: embeddings/embeddings_chunk_1.pt
Batch 1578 of chunk 1 uploaded to S3: embeddings/embeddings_chunk_1.pt
Batch 1579 of chunk 1 uploaded to S3: embeddings/embeddings_chunk_1.pt
Batch 1580 of chunk 1 uploaded to S3: embeddings/embeddings_chunk_1.pt
Batch 1581 of chunk 1 uploaded to S3: embeddings/embeddings_chunk_1.pt
Batch 1582 of chunk 1 uploaded to S3: embeddings/embeddings_chunk_1.pt
Batch 1583 of chunk 1 uploaded to S3: embeddings/embeddings_chunk_1.pt
Batch 1584 of chunk 1 uploaded to S3: embeddings/embeddings_chunk_1.pt
Batch 1585 of chunk 1 uploaded to S3: embeddings/embeddings_chunk_1.pt
Batch 1586 of chunk 1 uploaded to S3: embeddings/embeddings_chunk_1.pt
Batch 1587 of chunk 1 uploaded to S3: embeddings/embeddings_chunk_1.pt
Batch 1588 of chunk 1 uploaded to S3: embeddings/embeddings_chunk_1.pt
Batch 1589 of chunk 1 uploaded to S3: embeddings/embeddings_chunk_1.pt
Batch 1590 of chunk 1 uploaded to S3: embeddings/embeddings_chunk_1.pt
Batch 1591 of chunk 1 uploaded to S3: embeddings/embeddings_chunk_1.pt
Batch 1592 of chunk 1 uploaded to S3: embeddings/embeddings_chunk_1.pt
Batch 1593 of chunk 1 uploaded to S3: embeddings/embeddings_chunk_1.pt
Batch 1594 of chunk 1 uploaded to S3: embeddings/embeddings_chunk_1.pt
Batch 1595 of chunk 1 uploaded to S3: embeddings/embeddings_chunk_1.pt
Batch 1596 of chunk 1 uploaded to S3: embeddings/embeddings_chunk_1.pt
Batch 1597 of chunk 1 uploaded to S3: embeddings/embeddings_chunk_1.pt
Batch 1598 of chunk 1 uploaded to S3: embeddings/embeddings_chunk_1.pt
Batch 1599 of chunk 1 uploaded to S3: embeddings/embeddings_chunk_1.pt
Batch 1600 of chunk 1 uploaded to S3: embeddings/embeddings_chunk_1.pt
Batch 1601 of chunk 1 uploaded to S3: embeddings/embeddings_chunk_1.pt
Batch 1602 of chunk 1 uploaded to S3: embeddings/embeddings_chunk_1.pt
Batch 1603 of chunk 1 uploaded to S3: embeddings/embeddings_chunk_1.pt
Batch 1604 of chunk 1 uploaded to S3: embeddings/embeddings_chunk_1.pt
Batch 1605 of chunk 1 uploaded to S3: embeddings/embeddings_chunk_1.pt
Batch 1606 of chunk 1 uploaded to S3: embeddings/embeddings_chunk_1.pt
Batch 1607 of chunk 1 uploaded to S3: embeddings/embeddings_chunk_1.pt
Batch 1608 of chunk 1 uploaded to S3: embeddings/embeddings_chunk_1.pt
Batch 1609 of chunk 1 uploaded to S3: embeddings/embeddings_chunk_1.pt
Batch 1610 of chunk 1 uploaded to S3: embeddings/embeddings_chunk_1.pt
Batch 1611 of chunk 1 uploaded to S3: embeddings/embeddings_chunk_1.pt
Batch 1612 of chunk 1 uploaded to S3: embeddings/embeddings_chunk_1.pt
Batch 1613 of chunk 1 uploaded to S3: embeddings/embeddings_chunk_1.pt
Batch 1614 of chunk 1 uploaded to S3: embeddings/embeddings_chunk_1.pt
Batch 1615 of chunk 1 uploaded to S3: embeddings/embeddings_chunk_1.pt
Batch 1616 of chunk 1 uploaded to S3: embeddings/embeddings_chunk_1.pt
Batch 1617 of chunk 1 uploaded to S3: embeddings/embeddings_chunk_1.pt
Batch 1618 of chunk 1 uploaded to S3: embeddings/embeddings_chunk_1.pt
Batch 1619 of chunk 1 uploaded to S3: embeddings/embeddings_chunk_1.pt
Batch 1620 of chunk 1 uploaded to S3: embeddings/embeddings_chunk_1.pt
Batch 1621 of chunk 1 uploaded to S3: embeddings/embeddings_chunk_1.pt
Batch 1622 of chunk 1 uploaded to S3: embeddings/embeddings_chunk_1.pt
Batch 1623 of chunk 1 uploaded to S3: embeddings/embeddings_chunk_1.pt
Batch 1624 of chunk 1 uploaded to S3: embeddings/embeddings_chunk_1.pt
Batch 1625 of chunk 1 uploaded to S3: embeddings/embeddings_chunk_1.pt
Batch 1626 of chunk 1 uploaded to S3: embeddings/embeddings_chunk_1.pt
Batch 1627 of chunk 1 uploaded to S3: embeddings/embeddings_chunk_1.pt
Batch 1628 of chunk 1 uploaded to S3: embeddings/embeddings_chunk_1.pt
Batch 1629 of chunk 1 uploaded to S3: embeddings/embeddings_chunk_1.pt
Batch 1630 of chunk 1 uploaded to S3: embeddings/embeddings_chunk_1.pt
Batch 1631 of chunk 1 uploaded to S3: embeddings/embeddings_chunk_1.pt
Batch 1632 of chunk 1 uploaded to S3: embeddings/embeddings_chunk_1.pt
Batch 1633 of chunk 1 uploaded to S3: embeddings/embeddings_chunk_1.pt
Batch 1634 of chunk 1 uploaded to S3: embeddings/embeddings_chunk_1.pt
Batch 1635 of chunk 1 uploaded to S3: embeddings/embeddings_chunk_1.pt
Batch 1636 of chunk 1 uploaded to S3: embeddings/embeddings_chunk_1.pt
Batch 1637 of chunk 1 uploaded to S3: embeddings/embeddings_chunk_1.pt
Batch 1638 of chunk 1 uploaded to S3: embeddings/embeddings_chunk_1.pt
Batch 1639 of chunk 1 uploaded to S3: embeddings/embeddings_chunk_1.pt
Batch 1640 of chunk 1 uploaded to S3: embeddings/embeddings_chunk_1.pt
Batch 1641 of chunk 1 uploaded to S3: embeddings/embeddings_chunk_1.pt
Batch 1642 of chunk 1 uploaded to S3: embeddings/embeddings_chunk_1.pt
Batch 1643 of chunk 1 uploaded to S3: embeddings/embeddings_chunk_1.pt
Batch 1644 of chunk 1 uploaded to S3: embeddings/embeddings_chunk_1.pt
Batch 1645 of chunk 1 uploaded to S3: embeddings/embeddings_chunk_1.pt
Batch 1646 of chunk 1 uploaded to S3: embeddings/embeddings_chunk_1.pt
Batch 1647 of chunk 1 uploaded to S3: embeddings/embeddings_chunk_1.pt
Batch 1648 of chunk 1 uploaded to S3: embeddings/embeddings_chunk_1.pt
Batch 1649 of chunk 1 uploaded to S3: embeddings/embeddings_chunk_1.pt
Batch 1650 of chunk 1 uploaded to S3: embeddings/embeddings_chunk_1.pt
Batch 1651 of chunk 1 uploaded to S3: embeddings/embeddings_chunk_1.pt
Batch 1652 of chunk 1 uploaded to S3: embeddings/embeddings_chunk_1.pt
Batch 1653 of chunk 1 uploaded to S3: embeddings/embeddings_chunk_1.pt
Batch 1654 of chunk 1 uploaded to S3: embeddings/embeddings_chunk_1.pt
Batch 1655 of chunk 1 uploaded to S3: embeddings/embeddings_chunk_1.pt
Batch 1656 of chunk 1 uploaded to S3: embeddings/embeddings_chunk_1.pt
Batch 1657 of chunk 1 uploaded to S3: embeddings/embeddings_chunk_1.pt
Batch 1658 of chunk 1 uploaded to S3: embeddings/embeddings_chunk_1.pt
Batch 1659 of chunk 1 uploaded to S3: embeddings/embeddings_chunk_1.pt
Batch 1660 of chunk 1 uploaded to S3: embeddings/embeddings_chunk_1.pt
Batch 1661 of chunk 1 uploaded to S3: embeddings/embeddings_chunk_1.pt
Batch 1662 of chunk 1 uploaded to S3: embeddings/embeddings_chunk_1.pt
Batch 1663 of chunk 1 uploaded to S3: embeddings/embeddings_chunk_1.pt
Batch 1664 of chunk 1 uploaded to S3: embeddings/embeddings_chunk_1.pt
Batch 1665 of chunk 1 uploaded to S3: embeddings/embeddings_chunk_1.pt
Batch 1666 of chunk 1 uploaded to S3: embeddings/embeddings_chunk_1.pt
Batch 1667 of chunk 1 uploaded to S3: embeddings/embeddings_chunk_1.pt
Batch 1668 of chunk 1 uploaded to S3: embeddings/embeddings_chunk_1.pt
Batch 1669 of chunk 1 uploaded to S3: embeddings/embeddings_chunk_1.pt
Batch 1670 of chunk 1 uploaded to S3: embeddings/embeddings_chunk_1.pt
Batch 1671 of chunk 1 uploaded to S3: embeddings/embeddings_chunk_1.pt
Batch 1672 of chunk 1 uploaded to S3: embeddings/embeddings_chunk_1.pt
Batch 1673 of chunk 1 uploaded to S3: embeddings/embeddings_chunk_1.pt
Batch 1674 of chunk 1 uploaded to S3: embeddings/embeddings_chunk_1.pt
Batch 1675 of chunk 1 uploaded to S3: embeddings/embeddings_chunk_1.pt
Batch 1676 of chunk 1 uploaded to S3: embeddings/embeddings_chunk_1.pt
Batch 1677 of chunk 1 uploaded to S3: embeddings/embeddings_chunk_1.pt
Batch 1678 of chunk 1 uploaded to S3: embeddings/embeddings_chunk_1.pt
Batch 1679 of chunk 1 uploaded to S3: embeddings/embeddings_chunk_1.pt
Batch 1680 of chunk 1 uploaded to S3: embeddings/embeddings_chunk_1.pt
Batch 1681 of chunk 1 uploaded to S3: embeddings/embeddings_chunk_1.pt
Batch 1682 of chunk 1 uploaded to S3: embeddings/embeddings_chunk_1.pt
Batch 1683 of chunk 1 uploaded to S3: embeddings/embeddings_chunk_1.pt
Batch 1684 of chunk 1 uploaded to S3: embeddings/embeddings_chunk_1.pt
Batch 1685 of chunk 1 uploaded to S3: embeddings/embeddings_chunk_1.pt
Batch 1686 of chunk 1 uploaded to S3: embeddings/embeddings_chunk_1.pt
Batch 1687 of chunk 1 uploaded to S3: embeddings/embeddings_chunk_1.pt
Batch 1688 of chunk 1 uploaded to S3: embeddings/embeddings_chunk_1.pt
Batch 1689 of chunk 1 uploaded to S3: embeddings/embeddings_chunk_1.pt
Batch 1690 of chunk 1 uploaded to S3: embeddings/embeddings_chunk_1.pt
Batch 1691 of chunk 1 uploaded to S3: embeddings/embeddings_chunk_1.pt
Batch 1692 of chunk 1 uploaded to S3: embeddings/embeddings_chunk_1.pt
Batch 1693 of chunk 1 uploaded to S3: embeddings/embeddings_chunk_1.pt
Batch 1694 of chunk 1 uploaded to S3: embeddings/embeddings_chunk_1.pt
Batch 1695 of chunk 1 uploaded to S3: embeddings/embeddings_chunk_1.pt
Batch 1696 of chunk 1 uploaded to S3: embeddings/embeddings_chunk_1.pt
Batch 1697 of chunk 1 uploaded to S3: embeddings/embeddings_chunk_1.pt
Batch 1698 of chunk 1 uploaded to S3: embeddings/embeddings_chunk_1.pt
Batch 1699 of chunk 1 uploaded to S3: embeddings/embeddings_chunk_1.pt
Batch 1700 of chunk 1 uploaded to S3: embeddings/embeddings_chunk_1.pt
Batch 1701 of chunk 1 uploaded to S3: embeddings/embeddings_chunk_1.pt
Batch 1702 of chunk 1 uploaded to S3: embeddings/embeddings_chunk_1.pt
Batch 1703 of chunk 1 uploaded to S3: embeddings/embeddings_chunk_1.pt
Batch 1704 of chunk 1 uploaded to S3: embeddings/embeddings_chunk_1.pt
Batch 1705 of chunk 1 uploaded to S3: embeddings/embeddings_chunk_1.pt
Batch 1706 of chunk 1 uploaded to S3: embeddings/embeddings_chunk_1.pt
Batch 1707 of chunk 1 uploaded to S3: embeddings/embeddings_chunk_1.pt
Batch 1708 of chunk 1 uploaded to S3: embeddings/embeddings_chunk_1.pt
Batch 1709 of chunk 1 uploaded to S3: embeddings/embeddings_chunk_1.pt
Batch 1710 of chunk 1 uploaded to S3: embeddings/embeddings_chunk_1.pt
Batch 1711 of chunk 1 uploaded to S3: embeddings/embeddings_chunk_1.pt
Batch 1712 of chunk 1 uploaded to S3: embeddings/embeddings_chunk_1.pt
Batch 1713 of chunk 1 uploaded to S3: embeddings/embeddings_chunk_1.pt
Batch 1714 of chunk 1 uploaded to S3: embeddings/embeddings_chunk_1.pt
Batch 1715 of chunk 1 uploaded to S3: embeddings/embeddings_chunk_1.pt
Batch 1716 of chunk 1 uploaded to S3: embeddings/embeddings_chunk_1.pt
Batch 1717 of chunk 1 uploaded to S3: embeddings/embeddings_chunk_1.pt
Batch 1718 of chunk 1 uploaded to S3: embeddings/embeddings_chunk_1.pt
Batch 1719 of chunk 1 uploaded to S3: embeddings/embeddings_chunk_1.pt
Batch 1720 of chunk 1 uploaded to S3: embeddings/embeddings_chunk_1.pt
Batch 1721 of chunk 1 uploaded to S3: embeddings/embeddings_chunk_1.pt
Batch 1722 of chunk 1 uploaded to S3: embeddings/embeddings_chunk_1.pt
Batch 1723 of chunk 1 uploaded to S3: embeddings/embeddings_chunk_1.pt
Batch 1724 of chunk 1 uploaded to S3: embeddings/embeddings_chunk_1.pt
Batch 1725 of chunk 1 uploaded to S3: embeddings/embeddings_chunk_1.pt
Batch 1726 of chunk 1 uploaded to S3: embeddings/embeddings_chunk_1.pt
Batch 1727 of chunk 1 uploaded to S3: embeddings/embeddings_chunk_1.pt
Batch 1728 of chunk 1 uploaded to S3: embeddings/embeddings_chunk_1.pt
Batch 1729 of chunk 1 uploaded to S3: embeddings/embeddings_chunk_1.pt
Batch 1730 of chunk 1 uploaded to S3: embeddings/embeddings_chunk_1.pt
Batch 1731 of chunk 1 uploaded to S3: embeddings/embeddings_chunk_1.pt
Batch 1732 of chunk 1 uploaded to S3: embeddings/embeddings_chunk_1.pt
Batch 1733 of chunk 1 uploaded to S3: embeddings/embeddings_chunk_1.pt
Batch 1734 of chunk 1 uploaded to S3: embeddings/embeddings_chunk_1.pt
Batch 1735 of chunk 1 uploaded to S3: embeddings/embeddings_chunk_1.pt
Batch 1736 of chunk 1 uploaded to S3: embeddings/embeddings_chunk_1.pt
Batch 1737 of chunk 1 uploaded to S3: embeddings/embeddings_chunk_1.pt
Batch 1738 of chunk 1 uploaded to S3: embeddings/embeddings_chunk_1.pt
Batch 1739 of chunk 1 uploaded to S3: embeddings/embeddings_chunk_1.pt
Batch 1740 of chunk 1 uploaded to S3: embeddings/embeddings_chunk_1.pt
Batch 1741 of chunk 1 uploaded to S3: embeddings/embeddings_chunk_1.pt
Batch 1742 of chunk 1 uploaded to S3: embeddings/embeddings_chunk_1.pt
Batch 1743 of chunk 1 uploaded to S3: embeddings/embeddings_chunk_1.pt
Batch 1744 of chunk 1 uploaded to S3: embeddings/embeddings_chunk_1.pt
Batch 1745 of chunk 1 uploaded to S3: embeddings/embeddings_chunk_1.pt
Batch 1746 of chunk 1 uploaded to S3: embeddings/embeddings_chunk_1.pt
Batch 1747 of chunk 1 uploaded to S3: embeddings/embeddings_chunk_1.pt
Batch 1748 of chunk 1 uploaded to S3: embeddings/embeddings_chunk_1.pt
Batch 1749 of chunk 1 uploaded to S3: embeddings/embeddings_chunk_1.pt
Batch 1750 of chunk 1 uploaded to S3: embeddings/embeddings_chunk_1.pt
Batch 1751 of chunk 1 uploaded to S3: embeddings/embeddings_chunk_1.pt
Batch 1752 of chunk 1 uploaded to S3: embeddings/embeddings_chunk_1.pt
Batch 1753 of chunk 1 uploaded to S3: embeddings/embeddings_chunk_1.pt
Batch 1754 of chunk 1 uploaded to S3: embeddings/embeddings_chunk_1.pt
